InvoiceNo,CustomerID,ProductID,Product,Category,Quantity,UnitPrice,Discount,PaymentMethod,Country,City,CustomerAge,CustomerGender,SignupDate,InvoiceDate,ShippingCost,DeliveryTimeDays,ReturnStatus,CustomerTenure,Device,Revenue,Profit,OrderValue,Year,Month,Day,DayOfWeek,WeekOfYear,CustomerLifetimeDays,ProfitMargin,AvgOrderValue,HighValueCustomer,CohortMonth,OrderMonth
4174,10108,244,Tablet,Accessories,2,331.62290031352825,0.13306900364955082,Card,India,Toronto,33,Female,2023-11-22,2023-02-26,17.307628962336818,7,Yes,1,Desktop,574.9883427628655,161.4454575989078,592.2959717252023,2023,2,26,6,8,-269,0.2807804012567443,1651.80146852154,0,2023-02,2023-02
4507,10004,380,Laptop,Accessories,6,588.1365428115082,0.2816630925426819,UPI,USA,London,42,Male,2023-01-02,2023-05-22,10.471430729008711,7,Yes,3,Desktop,2534.881111955144,275.969572565274,2545.352542684153,2023,5,22,0,21,140,0.10886884251246787,1850.9581124109795,0,2023-01,2023-05
1860,10118,369,Monitor,Accessories,4,358.7124937048735,0.08848374721270261,Card,UK,Mumbai,40,Female,2023-06-01,2023-07-29,30.022580083615768,7,Yes,3,Desktop,1307.8890723594134,215.13239015169353,1337.9116524430292,2023,7,29,5,30,58,0.16448825416332727,1345.0401548442724,0,2023-07,2023-07
2294,10032,390,Headphones,Accessories,3,819.454016542405,0.14263908185073612,Cash,Canada,Toronto,45,Female,2023-12-31,2023-03-13,19.713993045923267,2,No,3,Mobile,2107.703544011695,450.7006993145261,2127.4175370576186,2023,3,13,0,11,-293,0.21383495823928134,2874.0044855131327,0,2023-02,2023-03
2130,10117,354,Phone,Electronics,3,477.39353189259145,0.22707829780243244,Cash,USA,New York,64,Male,2023-03-06,2023-08-12,24.912109115061682,2,Yes,3,Mobile,1106.9634638655916,225.34264583960396,1131.8755729806533,2023,8,12,5,32,159,0.20356827772137315,2545.8154826268365,0,2023-02,2023-08
2095,10064,387,Laptop,Electronics,3,95.18837031582753,0.20673632714872744,Cash,UK,New York,33,Male,2023-11-22,2023-01-27,34.11260187517874,6,Yes,2,Mobile,226.52842874838117,52.30359711497398,260.6410306235599,2023,1,27,4,4,-299,0.23089197856517493,2380.062639211501,0,2023-01,2023-01
4772,10145,206,Tablet,Electronics,6,182.73147105190566,0.25909231572514685,Cash,UK,Toronto,60,Male,2023-03-10,2023-05-08,27.235658351357177,7,Yes,3,Desktop,812.3229063672288,166.93563502919125,839.558564718586,2023,5,8,0,19,59,0.2055040350588418,1709.9869196229188,0,2023-01,2023-05
4092,10176,332,Phone,Electronics,8,79.88257426723965,0.2990427542043327,Cash,USA,London,55,Female,2023-05-01,2023-04-16,32.912546769537926,3,Yes,1,Desktop,447.9541539634572,65.31184337779138,480.8667007329951,2023,4,16,6,15,-15,0.1458002851406069,2068.1324606578996,0,2023-03,2023-04
2638,10010,434,Tablet,Accessories,7,509.31688709403875,0.12805749863852686,UPI,India,Mumbai,28,Male,2023-04-19,2023-06-14,29.48900009511325,4,Yes,1,Desktop,3108.665283628906,435.88348470085515,3138.154283724019,2023,6,14,2,24,56,0.14021563755877436,2494.194147085926,0,2023-02,2023-06
3169,10084,244,Headphones,Electronics,4,124.21055140126262,0.03334526393499355,Cash,USA,Toronto,20,Female,2023-11-12,2023-08-03,38.290836737124465,3,Yes,1,Mobile,480.27487112510573,135.17308094828357,518.5657078622302,2023,8,3,3,31,-101,0.2814494138150997,2181.3222279577017,0,2023-01,2023-08
1466,10025,448,Monitor,Electronics,4,131.85716992343947,0.009124764242390393,Cash,India,New York,32,Female,2023-09-04,2023-03-12,36.7671477970229,7,No,1,Mobile,522.6160173368771,79.85225066612118,559.3831651339,2023,3,12,6,10,-176,0.15279334734711852,2462.8187650520977,0,2023-03,2023-03
2238,10062,230,Phone,Electronics,2,942.2272948376095,0.2180630718419315,Cash,Canada,Mumbai,18,Male,2023-04-03,2023-07-23,29.038545131387863,7,Yes,2,Desktop,1473.5246331040141,230.1578384029796,1502.563178235402,2023,7,23,6,29,111,0.1561954467759027,2209.032053150145,0,2023-01,2023-07
1330,10085,222,Phone,Electronics,1,875.2019707325343,0.2622041013926147,Cash,India,New York,24,Male,2023-09-25,2023-06-02,35.55063593868681,4,No,4,Mobile,645.7204244595647,117.90246631630067,681.2710603982515,2023,6,2,4,22,-115,0.1825905792200689,2113.945362050333,0,2023-01,2023-06
2482,10058,359,Headphones,Accessories,9,463.04486487513867,0.0662137757833256,Card,Canada,New York,18,Male,2023-04-13,2023-03-08,44.310182102267575,7,No,4,Desktop,3891.464244132083,497.67027728635145,3935.7744262343504,2023,3,8,2,10,-36,0.1278876654299948,2704.6356171940056,1,2023-02,2023-03
3135,10026,357,Laptop,Accessories,2,986.0892144332016,0.04753441115697179,Cash,USA,Toronto,49,Male,2023-04-22,2023-03-31,24.452207950467585,5,Yes,3,Desktop,1878.432088553757,378.4187265786862,1902.8842965042245,2023,3,31,4,13,-22,0.20145456888464808,2307.2513304533272,0,2023-02,2023-03
4444,10176,238,Monitor,Accessories,8,20.182797607249853,0.018661527457707293,Cash,Canada,New York,26,Male,2023-11-17,2023-09-17,23.574338273695716,1,Yes,3,Mobile,158.4492462042305,36.91968088913788,182.0235844779262,2023,9,17,6,37,-61,0.23300635234042627,2068.1324606578996,0,2023-03,2023-09
4171,10160,281,Phone,Electronics,9,621.6998671479259,0.2468108765151619,UPI,UK,Mumbai,46,Male,2023-10-31,2023-12-28,39.391052938357106,4,No,1,Mobile,4214.31820207008,1083.9230563265453,4253.709255008437,2023,12,28,3,52,58,0.25720009841547337,2873.529270375876,1,2023-01,2023-12
3919,10097,457,Monitor,Accessories,4,624.0996138244327,0.0934145819677753,Card,Canada,London,43,Female,2023-12-10,2023-08-16,31.21492266688973,7,No,1,Mobile,2263.1984371710932,548.3522693782829,2294.413359837983,2023,8,16,2,33,-116,0.24229084837284579,2015.3947148917323,0,2023-02,2023-08
4735,10104,405,Phone,Electronics,8,468.29419475249045,0.12050906782793294,UPI,India,Toronto,40,Female,2023-03-03,2023-03-20,8.195305110016484,2,No,4,Mobile,3294.883982989083,426.7770729711508,3303.0792880990994,2023,3,20,0,12,17,0.12952719281605274,4169.8114415774935,1,2023-01,2023-03
1130,10098,276,Monitor,Accessories,9,409.009013475607,0.1508250574828837,Cash,India,Mumbai,62,Male,2023-10-27,2023-04-06,45.14504070609866,2,Yes,4,Desktop,3125.881849564179,597.7105870858511,3171.026890270278,2023,4,6,3,14,-204,0.19121342899418478,2252.979146615021,0,2023-04,2023-04
2685,10128,211,Tablet,Accessories,5,466.27547277099546,0.2518359702628652,UPI,India,Toronto,60,Female,2023-05-16,2023-12-15,6.385239600693806,1,No,1,Desktop,1744.2526833796783,187.88608519818632,1750.637922980372,2023,12,15,4,50,213,0.1077172401616357,3369.9082408214817,0,2023-01,2023-12
4380,10148,494,Phone,Accessories,7,426.6612273580869,0.19524996646844547,UPI,Canada,New York,46,Female,2023-02-24,2023-11-26,38.67783602943844,2,Yes,3,Mobile,2403.4894591612424,248.90440541872184,2442.1672951906808,2023,11,26,6,47,275,0.10355959934418986,1154.9753575820957,0,2023-04,2023-11
1769,10054,423,Monitor,Accessories,4,735.8826279326535,0.18451938895734338,Cash,India,New York,55,Female,2023-04-18,2023-09-03,39.14573642169408,8,Yes,2,Mobile,2400.3920603287847,451.3363183396021,2439.5377967504787,2023,9,3,6,35,138,0.18802608365476012,1940.9416434274935,0,2023-02,2023-09
3391,10005,212,Laptop,Accessories,1,152.64832627381838,0.05270162998677321,Card,India,Mumbai,50,Female,2023-10-30,2023-09-29,47.88999883768687,8,No,2,Mobile,144.6035106644354,21.77614617804046,192.49350950212227,2023,9,29,4,39,-31,0.1505920988915258,2582.951268592836,0,2023-02,2023-09
2515,10196,245,Tablet,Electronics,3,213.68643617930755,0.15395696751294893,Card,UK,Mumbai,24,Female,2023-09-15,2023-06-06,7.436048378104434,8,Yes,4,Mobile,542.3637613994762,128.3624023600382,549.7998097775807,2023,6,6,1,23,-101,0.23667215897467256,2404.629172971648,0,2023-06,2023-06
4485,10094,354,Tablet,Accessories,5,196.90786382457512,0.21461430515359656,UPI,Canada,London,29,Female,2023-09-10,2023-04-26,31.858558735302093,1,Yes,4,Desktop,773.2430972529245,189.32714755579207,805.1016559882265,2023,4,26,2,17,-137,0.2448481573626825,2966.7977249220617,0,2023-01,2023-04
3853,10132,312,Laptop,Electronics,3,277.2211734188392,0.2919782649091475,Cash,UK,Mumbai,48,Male,2023-08-10,2023-01-18,24.252825678217384,1,No,4,Desktop,588.8358486237859,164.33274726461042,613.0886743020033,2023,1,18,2,3,-204,0.27908074491165114,1353.1466186924708,0,2023-01,2023-01
3433,10101,432,Monitor,Electronics,7,534.7532504059517,0.06042189276400567,UPI,India,Mumbai,49,Male,2023-06-16,2023-06-21,19.878482968679393,4,No,2,Desktop,3517.0971279830387,886.7885695333183,3536.975610951718,2023,6,21,2,25,5,0.25213650270780774,2929.4199455380276,1,2023-06,2023-06
2215,10002,216,Headphones,Electronics,9,128.98457239145435,0.0028630059201679935,UPI,India,Toronto,37,Male,2023-06-09,2023-01-16,9.064335213458286,6,Yes,2,Desktop,1157.5375991737856,126.92263721132196,1166.6019343872438,2023,1,16,0,3,-144,0.10964882462730835,1889.2530815769592,0,2023-01,2023-01
1955,10180,422,Laptop,Electronics,6,870.805909419974,0.022590430079540924,UPI,India,New York,34,Female,2023-06-15,2023-08-28,30.319435385208912,8,No,1,Desktop,5106.804176462226,890.2416059191252,5137.123611847434,2023,8,28,0,35,74,0.17432460207155354,3481.4245266139274,1,2023-07,2023-08
3324,10022,387,Monitor,Electronics,1,311.4143006823029,0.11275573955459377,Cash,Canada,Mumbai,53,Male,2023-07-24,2023-02-25,26.556832655357614,2,Yes,3,Desktop,276.3005509009932,42.717355589688715,302.8573835563508,2023,2,25,5,8,-149,0.1546046703504244,3294.7327590386994,0,2023-02,2023-02
2184,10052,362,Laptop,Accessories,7,179.28722771933369,0.24616339432379614,Cash,USA,London,20,Male,2023-09-24,2023-03-20,9.704950616796092,3,No,4,Desktop,946.0729262952738,167.66918397863645,955.7778769120698,2023,3,20,0,12,-188,0.17722648996543225,2327.3191521951553,0,2023-02,2023-03
1459,10164,273,Laptop,Accessories,3,682.1088834062784,0.0021426245304735137,Card,India,Mumbai,18,Male,2023-05-18,2023-04-13,32.56202781936875,6,No,1,Mobile,2041.9421405407147,269.5672607986746,2074.5041683600834,2023,4,13,3,15,-35,0.1320151317937403,3568.7536886548314,0,2023-03,2023-04
4385,10082,432,Phone,Accessories,5,57.32457458733289,0.13701917786575207,Cash,India,New York,44,Female,2023-12-12,2023-10-11,38.20789041138223,4,No,2,Desktop,247.35004252936275,29.568427093568587,285.557932940745,2023,10,11,2,41,-62,0.1195408207381187,2007.2577559731105,0,2023-05,2023-10
1021,10144,423,Monitor,Accessories,4,627.5691935766808,0.09876918460241836,UPI,India,Mumbai,64,Male,2023-09-05,2023-07-12,39.52752354741417,2,No,1,Mobile,2262.3387841820595,461.9625857134263,2301.8663077294736,2023,7,12,2,28,-55,0.20419690850168012,1809.1680550882843,0,2023-04,2023-07
3300,10084,259,Headphones,Electronics,5,704.2344620629698,0.01574451302991827,UPI,India,Toronto,57,Female,2023-02-24,2023-01-05,45.74179347180923,7,Yes,2,Mobile,3465.7331669945092,845.9031970899798,3511.4749604663184,2023,1,5,3,1,-50,0.24407626217327885,2181.3222279577017,1,2023-01,2023-01
1747,10077,421,Phone,Accessories,5,230.61820075898478,0.13507088600178518,Card,Canada,New York,50,Male,2023-07-28,2023-04-16,23.426183384994975,4,No,3,Mobile,997.3419802716556,239.74323980857912,1020.7681636566506,2023,4,16,6,15,-103,0.24038218038638856,1454.8342602132786,0,2023-01,2023-04
3904,10109,236,Laptop,Accessories,6,61.1247919747616,0.07642461220101565,Cash,USA,Mumbai,37,Male,2023-01-17,2023-10-05,47.888274587996165,8,Yes,2,Desktop,338.72012071333614,64.42079511983864,386.6083953013323,2023,10,5,3,40,261,0.1901888644352454,1721.8657859198647,0,2023-03,2023-10
4632,10000,477,Laptop,Electronics,6,376.3724517410606,0.10556545030410193,UPI,USA,Toronto,31,Male,2023-03-09,2023-04-10,43.944323228720876,8,Yes,1,Desktop,2019.8431463457403,412.9686408217998,2063.7874695744613,2023,4,10,0,15,32,0.20445579725778923,2280.6253023992795,0,2023-01,2023-04
1474,10050,395,Laptop,Electronics,8,116.62234563709775,0.2116845914352879,Card,USA,New York,53,Female,2023-05-13,2023-08-26,18.342570696077257,7,No,3,Desktop,735.4815363894703,149.49820206148064,753.8241070855476,2023,8,26,5,34,105,0.20326574450172827,1566.9430894695204,0,2023-01,2023-08
2082,10172,441,Monitor,Accessories,8,134.14829267987034,0.15646529517329014,Card,India,Mumbai,22,Female,2023-07-07,2023-09-26,12.167736680725632,9,No,2,Desktop,905.2699237497721,215.73856500491507,917.4376604304978,2023,9,26,1,39,81,0.23831407555361123,1182.235004958257,0,2023-02,2023-09
3558,10003,418,Monitor,Accessories,9,269.1760068159673,0.037394228697844,UPI,India,Toronto,40,Female,2023-11-04,2023-11-17,24.592522825760604,4,No,4,Mobile,2331.9933989140673,255.55157868565541,2356.585921739828,2023,11,17,4,46,13,0.10958503519120483,2978.079068592042,0,2023-01,2023-11
4753,10189,391,Phone,Electronics,8,309.5585661342241,0.2884243621270917,UPI,USA,London,62,Female,2023-05-18,2023-03-27,23.0854418580185,7,No,2,Desktop,1762.1946732478673,426.4144956472385,1785.2801151058857,2023,3,27,0,13,-52,0.24197922177424477,1202.092273637818,0,2023-01,2023-03
3047,10192,216,Headphones,Accessories,2,539.3709342009922,0.19077322971292152,Cash,USA,Toronto,32,Female,2023-06-23,2023-11-16,30.907368739904193,1,No,3,Mobile,872.9467981403865,188.94076225214326,903.8541668802907,2023,11,16,3,46,146,0.2164401801514575,2256.818108289417,0,2023-01,2023-11
4547,10112,211,Phone,Accessories,1,684.8240477929528,0.22976052769875946,Card,India,London,23,Male,2023-04-07,2023-02-01,31.25238045474866,4,Yes,1,Desktop,527.4785131912436,73.6474693721624,558.7308936459922,2023,2,1,2,5,-65,0.13962174293431484,1834.7712572933065,0,2023-02,2023-02
3747,10031,392,Tablet,Accessories,2,600.9155220527811,0.023763945002511243,UPI,India,Mumbai,50,Male,2023-06-20,2023-12-02,38.74941429709889,2,No,3,Desktop,1173.2707972711269,128.83894381673016,1212.0202115682257,2023,12,2,5,48,165,0.1098117707492529,1278.4439727940319,0,2023-02,2023-12
1975,10033,221,Laptop,Accessories,2,165.39313054372647,0.014117513838005668,Card,UK,Toronto,36,Female,2023-06-03,2023-02-20,27.945047669252457,9,Yes,1,Mobile,326.11638146912867,39.690176216028476,354.06142913838113,2023,2,20,0,8,-103,0.12170555811157768,2093.471672116044,0,2023-02,2023-02
2806,10091,319,Laptop,Electronics,3,188.6443118035739,0.005834415110424351,Cash,UK,London,30,Female,2023-07-02,2023-03-20,9.71701884233445,5,Yes,2,Mobile,562.6310477408746,115.30463260674517,572.3480665832091,2023,3,20,0,12,-104,0.20493826828385392,2574.437131377038,0,2023-01,2023-03
1189,10094,409,Laptop,Electronics,7,881.1938647970562,0.056638208332033334,UPI,UK,New York,46,Male,2023-08-30,2023-07-05,43.62311009988977,3,Yes,2,Mobile,5818.992361712396,1464.5339249029796,5862.615471812285,2023,7,5,2,27,-56,0.25168170601825657,2966.7977249220617,1,2023-01,2023-07
4005,10071,469,Phone,Electronics,2,567.1852687628314,0.12432251931554854,Cash,USA,Toronto,23,Female,2023-10-31,2023-06-23,18.939406243333416,4,Yes,3,Desktop,993.3427344631393,165.82015038636752,1012.2821407064728,2023,6,23,4,25,-130,0.16693145742490023,1363.075695726296,0,2023-01,2023-06
3734,10038,391,Phone,Accessories,1,872.5390762397352,0.28074784002084685,Card,Canada,Mumbai,32,Male,2023-10-12,2023-04-16,48.708385713796645,6,No,4,Desktop,627.5756152516445,110.34334582865226,676.2840009654412,2023,4,16,6,15,-179,0.17582478214104433,2785.658409818378,0,2023-01,2023-04
4005,10153,374,Laptop,Accessories,6,384.11558109347686,0.13711789777973288,Cash,India,New York,33,Female,2023-01-27,2023-03-04,10.303704890589657,1,No,2,Mobile,1988.6787606569926,570.4113030549144,1998.9824655475823,2023,3,4,5,9,36,0.2868292830092225,1189.003784159761,0,2023-01,2023-03
1562,10161,484,Phone,Accessories,9,622.1120072826974,0.08707653161175882,Cash,UK,London,41,Male,2023-12-26,2023-03-17,48.12130275046265,7,Yes,4,Desktop,5111.465862730418,728.9084077425294,5159.587165480881,2023,3,17,4,11,-284,0.1426026168065152,4026.724557980556,1,2023-03,2023-03
2899,10181,403,Monitor,Accessories,3,533.1901477335185,0.168580576055899,Card,Canada,Toronto,40,Female,2023-03-01,2023-11-12,9.095531309713264,8,Yes,4,Mobile,1329.9139364438163,160.58695477253897,1339.0094677535296,2023,11,12,6,45,256,0.12074988491507033,1242.2955314148962,0,2023-03,2023-11
4638,10117,363,Monitor,Accessories,6,332.74102002405334,0.033580373440436774,Cash,India,Toronto,27,Female,2023-07-21,2023-11-17,15.396626207617675,7,No,3,Desktop,1929.4047138761628,325.45588985931715,1944.8013400837804,2023,11,17,4,46,119,0.16868202276000363,2545.8154826268365,0,2023-02,2023-11
2267,10002,450,Phone,Electronics,3,480.5170645929234,0.18285176730149497,Card,Canada,Mumbai,58,Male,2023-09-07,2023-03-22,7.096097393894372,7,Yes,2,Mobile,1177.9610103407422,293.52953573659954,1185.0571077346365,2023,3,22,2,12,-169,0.24918442389845474,1889.2530815769592,0,2023-01,2023-03
3879,10122,426,Laptop,Accessories,1,512.4410592903935,0.170529586299151,UPI,USA,New York,58,Male,2023-12-28,2023-12-27,36.73009159875477,9,No,4,Mobile,425.054697446904,95.72888845033869,461.7847890456588,2023,12,27,2,52,-1,0.22521545821122638,1844.5432604749508,0,2023-01,2023-12
2528,10049,206,Phone,Accessories,5,216.75555526154503,0.2375979100217129,Card,USA,Toronto,34,Female,2023-03-10,2023-05-08,43.26344314573063,4,Yes,2,Desktop,826.2744417290302,151.33967308061654,869.5378848747608,2023,5,8,0,19,59,0.18315908787391383,855.1070165318257,0,2023-05,2023-05
4202,10011,228,Phone,Electronics,4,328.71016492919694,0.2960062834851072,Card,USA,Toronto,61,Female,2023-01-21,2023-07-02,24.533198681719117,7,No,1,Mobile,925.639562658915,271.16657877879874,950.1727613406341,2023,7,2,6,26,162,0.2929505065663661,1459.6737445427225,0,2023-04,2023-07
4556,10192,232,Phone,Accessories,7,795.5815554968361,0.07526204151483315,UPI,UK,New York,62,Male,2023-06-01,2023-08-31,46.783493376909334,9,Yes,4,Desktop,5149.931244070184,1272.0293487777237,5196.714737447093,2023,8,31,3,35,91,0.24699928765891466,2256.818108289417,1,2023-01,2023-08
4890,10053,333,Tablet,Electronics,6,917.4724746650446,0.15289693524112818,Card,India,Toronto,47,Female,2023-04-12,2023-07-04,31.56345822900198,5,Yes,3,Desktop,4663.1624707239935,524.0102215863405,4694.725928952996,2023,7,4,1,27,83,0.11237228487665876,2688.867835722876,1,2023-05,2023-07
1646,10132,278,Monitor,Electronics,7,372.59821167439344,0.2726596218957011,UPI,USA,New York,61,Male,2023-04-05,2023-08-08,33.35032109509355,2,Yes,3,Mobile,1897.0400691216723,472.22314405597814,1930.3903902167658,2023,8,8,1,32,125,0.24892628877080966,1353.1466186924708,0,2023-01,2023-08
3068,10056,257,Headphones,Electronics,5,320.8328365648378,0.23555696532685239,UPI,UK,New York,63,Male,2023-12-27,2023-03-12,43.043864076534646,5,No,4,Mobile,1226.2921360320931,128.5248720169937,1269.3360001086278,2023,3,12,6,10,-290,0.10480771118117167,1304.4583720647793,0,2023-01,2023-03
3888,10144,225,Headphones,Electronics,4,211.29322128044487,0.14622189093024227,Card,UK,New York,27,Female,2023-08-17,2023-12-08,18.35600922733275,4,No,2,Desktop,721.5901076963045,166.0123861227719,739.9461169236372,2023,12,8,4,49,113,0.23006466462348107,1809.1680550882843,0,2023-04,2023-12
3214,10111,425,Tablet,Electronics,7,684.9213452775696,0.2836114948844333,Cash,UK,Mumbai,36,Male,2023-05-05,2023-06-03,20.94195745974316,8,No,1,Desktop,3434.6884506559873,488.0574384407407,3455.6304081157305,2023,6,3,5,22,29,0.14209656725853176,3608.2226463497304,1,2023-04,2023-06
2297,10046,484,Phone,Accessories,7,336.6377076330105,0.017171008055042812,Cash,UK,New York,46,Male,2023-09-15,2023-09-02,45.767836363758995,5,Yes,1,Mobile,2316.0010919052907,554.1922925065123,2361.76892826905,2023,9,2,5,35,-13,0.23928844180751155,1682.2816480615243,0,2023-01,2023-09
3435,10150,203,Tablet,Electronics,6,987.9945483172047,0.2792995859137752,UPI,USA,New York,19,Female,2023-11-18,2023-05-20,45.543357321744374,9,Yes,3,Mobile,4272.288480522852,691.9223828704334,4317.8318378445965,2023,5,20,5,20,-182,0.16195591332955922,1289.8743922165188,1,2023-01,2023-05
1600,10084,298,Tablet,Electronics,8,339.17110602267417,0.015152217714841964,Cash,UK,London,53,Male,2023-08-24,2023-03-12,48.94172492903919,9,Yes,3,Mobile,2672.255292653079,733.8046746560643,2721.197017582118,2023,3,12,6,10,-165,0.274601261591113,2181.3222279577017,0,2023-01,2023-03
3363,10141,238,Laptop,Accessories,4,406.2533258469756,0.1641914232344053,Cash,USA,London,36,Male,2023-06-11,2023-02-15,45.5827242398752,3,Yes,2,Desktop,1358.2000563298002,227.33928400034216,1403.7827805696754,2023,2,15,2,7,-116,0.1673827673182921,1303.3204510999954,0,2023-02,2023-02
3061,10065,470,Monitor,Accessories,5,611.267512287794,0.2671322844003257,Card,USA,Mumbai,24,Male,2023-02-11,2023-02-16,10.73174162150124,6,Yes,3,Desktop,2239.8911267532576,501.59936223649663,2250.622868374759,2023,2,16,3,7,5,0.22393917108085937,2011.5480343546503,0,2023-02,2023-02
1241,10074,484,Headphones,Electronics,4,805.6506073274788,0.07881628306839085,UPI,UK,New York,43,Male,2023-10-03,2023-03-20,42.06759287616443,6,Yes,2,Desktop,2968.608884024541,466.6223071577114,3010.6764769007054,2023,3,20,0,12,-197,0.15718551193079766,2324.374232591874,0,2023-01,2023-03
3041,10178,356,Phone,Accessories,1,480.12829203872104,0.14167454968354756,UPI,USA,London,32,Female,2023-12-19,2023-05-29,23.442731514931733,4,No,4,Mobile,412.10633247380446,116.80919465428028,435.5490639887362,2023,5,29,0,22,-204,0.28344430902843565,2488.30654450706,0,2023-01,2023-05
3824,10102,274,Headphones,Accessories,8,434.20291311317914,0.09729866374108999,Card,India,London,64,Male,2023-03-09,2023-05-10,49.586061017567204,3,No,1,Mobile,3135.644398998226,803.3495746100452,3185.230460015793,2023,5,10,2,19,62,0.25619919620563447,3516.9420584314985,0,2023-02,2023-05
4417,10165,487,Headphones,Electronics,1,995.7250769229121,0.2856431751229054,Cash,India,Toronto,55,Female,2023-06-22,2023-05-07,26.25264339479605,1,No,4,Desktop,711.3030044011523,105.74271382478688,737.5556477959483,2023,5,7,6,18,-46,0.14866057526892063,1885.848265707027,0,2023-02,2023-05
3612,10191,329,Monitor,Electronics,5,30.283768317145555,0.24709367842592725,UPI,Canada,New York,20,Male,2023-11-27,2023-12-31,29.92262371259993,7,Yes,3,Desktop,114.00420303531753,33.0337829150876,143.92682674791746,2023,12,31,6,52,34,0.2897593425117319,1626.1553226298556,0,2023-10,2023-12
3945,10037,374,Headphones,Accessories,6,897.1639830742209,0.21270045339791385,Cash,India,London,55,Female,2023-05-05,2023-04-29,28.839871186555936,5,No,1,Mobile,4238.020782612335,726.5303357195899,4266.860653798891,2023,4,29,5,17,-6,0.17143151791524563,2866.9756595223207,1,2023-01,2023-04
2363,10049,283,Headphones,Electronics,6,166.15800942094268,0.1762880959845326,UPI,USA,Mumbai,33,Male,2023-06-19,2023-12-23,19.4781663436225,7,Yes,1,Desktop,821.197981845268,189.18183407651992,840.6761481888906,2023,12,23,5,51,187,0.2303729895334375,855.1070165318257,0,2023-05,2023-12
3139,10097,221,Tablet,Electronics,5,790.2067706847351,0.2461775367972444,UPI,USA,Toronto,19,Female,2023-02-16,2023-09-19,8.375994000181318,1,Yes,4,Mobile,2978.3780715853104,740.3373619500136,2986.754065585492,2023,9,19,1,38,215,0.24857064622287928,2015.3947148917323,0,2023-02,2023-09
2390,10081,226,Monitor,Accessories,3,625.572928649372,0.11768011245706411,UPI,India,Toronto,48,Male,2023-09-18,2023-09-01,45.30430536808633,8,No,2,Mobile,1655.8663081674567,173.17121432753757,1701.170613535543,2023,9,1,4,35,-17,0.10458043229298247,1453.377599871385,0,2023-04,2023-09
4003,10029,394,Laptop,Electronics,5,355.01033978813024,0.13426555653181857,UPI,UK,New York,45,Male,2023-08-05,2023-04-13,41.12041156368291,3,Yes,1,Mobile,1536.7233947096347,448.405850591454,1577.8438062733176,2023,4,13,3,15,-114,0.2917934692314492,1701.256007043947,0,2023-04,2023-04
2478,10078,435,Phone,Electronics,8,876.397456410598,0.21900051632425843,Cash,UK,New York,24,Male,2023-11-01,2023-02-06,11.278705125185116,7,Yes,2,Desktop,5475.727687611282,924.7861280610434,5487.006392736467,2023,2,6,0,6,-268,0.16888826121747297,1865.6333509340384,1,2023-02,2023-02
4499,10090,291,Headphones,Electronics,2,32.64908342137214,0.10732642898811427,Cash,USA,Toronto,47,Male,2023-05-04,2023-05-22,39.95457221075328,3,Yes,4,Desktop,58.289947776042446,8.041435135024482,98.24451998679572,2023,5,22,0,21,18,0.13795577868624487,2683.2142995298022,0,2023-05,2023-05
3556,10178,220,Phone,Electronics,6,242.1568390334252,0.019170282614512146,Cash,UK,Mumbai,60,Female,2023-10-20,2023-02-06,33.16309997227745,3,Yes,4,Mobile,1425.087743952705,384.97542393074116,1458.2508439249825,2023,2,6,0,6,-256,0.27014155834569964,2488.30654450706,0,2023-01,2023-02
1775,10190,283,Laptop,Electronics,9,575.5549403245453,0.022300382665821437,Cash,Canada,New York,24,Female,2023-06-11,2023-01-08,23.411470456293003,9,Yes,2,Mobile,5064.478604190935,1218.4115361711604,5087.890074647227,2023,1,8,6,1,-154,0.24057985656468286,5087.890074647227,1,2023-01,2023-01
1034,10051,461,Phone,Accessories,8,364.5114148487041,0.03460884039171116,Card,Canada,New York,53,Male,2023-07-20,2023-08-19,16.430951709300324,2,No,4,Desktop,2815.168779769988,330.35626856586657,2831.599731479288,2023,8,19,5,33,30,0.11734865452467053,2255.2893243179233,0,2023-06,2023-08
3253,10165,346,Laptop,Accessories,8,618.1699454119611,0.2609043970030988,UPI,India,Toronto,46,Female,2023-10-02,2023-11-29,43.68779525760046,4,No,1,Mobile,3655.0935084705184,451.0711287654278,3698.781303728119,2023,11,29,2,48,58,0.12340891627535391,1885.848265707027,1,2023-02,2023-11
4152,10078,456,Tablet,Electronics,8,43.62798954049349,0.1416679277268613,UPI,India,Toronto,41,Male,2023-07-25,2023-10-23,36.50847166823239,6,Yes,4,Desktop,299.57842137122077,72.80905245471217,336.0868930394532,2023,10,23,0,43,90,0.2430383741307298,1865.6333509340384,0,2023-02,2023-10
2955,10029,257,Headphones,Accessories,7,134.12975187207826,0.21386471080342093,UPI,UK,New York,56,Male,2023-02-09,2023-04-17,29.64829592611116,3,Yes,4,Desktop,738.1089189447514,84.85052953670078,767.7572148708625,2023,4,17,0,16,67,0.11495665119181682,1701.256007043947,0,2023-04,2023-04
2585,10105,214,Laptop,Electronics,8,144.55431541407046,0.11787280068146798,Card,USA,London,21,Female,2023-09-30,2023-12-14,32.43058402543089,7,No,1,Desktop,1020.1223472449734,289.13846626733556,1052.5529312704043,2023,12,14,3,50,75,0.283435087024813,1586.7719419778007,0,2023-07,2023-12
4943,10050,361,Phone,Electronics,6,205.49797299768926,0.07761328422469034,Cash,India,New York,46,Female,2023-07-07,2023-01-18,9.097978193698143,7,No,2,Mobile,1137.2916024709311,282.39863437623063,1146.3895806646292,2023,1,18,2,3,-170,0.24830802738952665,1566.9430894695204,0,2023-01,2023-01
4459,10080,362,Headphones,Electronics,2,470.14481198453194,0.10415765026866358,UPI,Canada,London,61,Female,2023-12-21,2023-11-09,26.326389241003636,5,No,4,Mobile,842.3512661644409,140.75558351336295,868.6776554054445,2023,11,9,3,45,-42,0.16709844119339773,2293.8230466527907,0,2023-01,2023-11
4073,10132,480,Tablet,Electronics,2,757.0861255526997,0.23825470359515505,Cash,India,Toronto,22,Male,2023-04-03,2023-03-24,13.71651317535659,3,Yes,2,Mobile,1153.413590226274,199.06506309835507,1167.1301034016305,2023,3,24,4,12,-10,0.17258775584506764,1353.1466186924708,0,2023-01,2023-03
2021,10028,479,Headphones,Electronics,8,907.4280611703231,0.18756483750943145,Cash,India,London,46,Male,2023-02-11,2023-10-15,14.377265555397141,2,No,1,Mobile,5897.811714603305,1187.2248933790088,5912.188980158702,2023,10,15,6,41,246,0.20129921924082028,1891.9812460275123,1,2023-02,2023-10
4461,10131,211,Laptop,Accessories,1,838.6650796785611,0.2812919339873706,Card,Canada,Mumbai,47,Female,2023-04-17,2023-07-13,34.758678302909004,4,No,2,Desktop,602.7553574481065,103.7907853351225,637.5140357510154,2023,7,13,3,28,87,0.17219388272970804,1335.2107150045072,0,2023-03,2023-07
3613,10137,473,Tablet,Accessories,6,212.9501143401699,0.2039114335730502,Card,USA,Toronto,46,Male,2023-11-24,2023-08-03,46.00652683254297,4,Yes,2,Mobile,1017.1629074731255,261.0993206862636,1063.1694343056686,2023,8,3,3,31,-113,0.25669371028766313,2252.4829379335433,0,2023-05,2023-08
2129,10183,470,Phone,Electronics,6,452.32754118601974,0.17105448952640817,Cash,India,New York,43,Female,2023-03-06,2023-10-08,23.169047471525595,8,Yes,3,Desktop,2249.7293071782588,663.551784704782,2272.8983546497843,2023,10,8,6,40,216,0.2949473888203231,2459.7131068616527,0,2023-01,2023-10
4843,10144,407,Tablet,Accessories,4,215.4233658033643,0.18305880269575034,UPI,India,New York,36,Female,2023-12-31,2023-08-08,14.348717285548567,8,No,3,Mobile,703.9528895468471,152.6904109136883,718.3016068323957,2023,8,8,1,32,-145,0.2169043030876386,1809.1680550882843,0,2023-04,2023-08
4893,10073,226,Tablet,Electronics,3,279.18238033384694,0.2827114318405244,UPI,India,Toronto,43,Female,2023-11-05,2023-10-16,34.19361217564944,5,Yes,4,Mobile,600.7629895350576,113.6688426362603,634.9566017107071,2023,10,16,0,42,-20,0.18920746553350576,3163.721481794248,0,2023-04,2023-10
2500,10016,271,Monitor,Accessories,3,513.4760418816484,0.23646027896001182,Card,UK,Toronto,54,Female,2023-05-15,2023-12-10,44.2034170857643,6,No,3,Mobile,1176.1780613370931,170.0222174170512,1220.3814784228575,2023,12,10,6,49,209,0.14455482805364345,1906.2916662647992,0,2023-04,2023-12
1702,10083,259,Tablet,Electronics,1,86.74684422905209,0.007212371209931345,Card,India,Mumbai,44,Female,2023-01-24,2023-07-13,38.674346050512085,8,No,3,Mobile,86.12119378718208,19.867012603930366,124.79553983769416,2023,7,13,3,28,170,0.23068668384956004,2613.2802426810276,0,2023-02,2023-07
3449,10068,344,Tablet,Accessories,3,233.81084300140773,0.16024190884070916,Card,Canada,Toronto,47,Female,2023-01-28,2023-06-07,44.09407537414642,1,Yes,3,Mobile,589.0336416336203,139.66893127033654,633.1277170077667,2023,6,7,2,23,130,0.2371153723630794,1469.9822251149546,0,2023-03,2023-06
3777,10033,292,Headphones,Electronics,4,936.670598080975,0.20650152346396944,Card,USA,New York,47,Male,2023-03-03,2023-04-14,29.14496019548597,5,Yes,2,Desktop,2972.986770373385,704.711199004901,3002.131730568871,2023,4,14,4,15,42,0.23703812140287275,2093.471672116044,0,2023-02,2023-04
2579,10005,207,Phone,Electronics,5,476.7939668053192,0.2246095435317465,Card,USA,Mumbai,20,Male,2023-09-30,2023-02-03,38.83443099661359,4,No,2,Mobile,1848.5074578124286,194.82715379169167,1887.341888809042,2023,2,3,4,5,-239,0.10539700717369847,2582.951268592836,0,2023-02,2023-02
1161,10052,278,Headphones,Accessories,3,456.4787954583148,0.063942635794181,Card,Canada,New York,60,Female,2023-08-17,2023-04-12,11.30290517115214,4,Yes,3,Mobile,1281.8710142776717,358.69881325438894,1293.1739194488239,2023,4,12,2,15,-127,0.2798244201320942,2327.3191521951553,0,2023-02,2023-04
1201,10193,226,Headphones,Accessories,6,34.275811656253325,0.2601532063354057,Card,UK,London,24,Female,2023-01-20,2023-05-07,20.672357691343617,2,Yes,1,Mobile,152.1530961247833,25.50410170165026,172.82545381612692,2023,5,7,6,18,107,0.16762131268583533,2296.9305727415153,0,2023-01,2023-05
2981,10125,373,Laptop,Electronics,5,262.4517521171789,0.2867529441525491,UPI,Canada,Toronto,26,Female,2023-01-03,2023-08-02,22.529712401668508,1,Yes,3,Mobile,935.964697497914,232.89904630367212,958.4944098995825,2023,8,2,2,31,211,0.2488331524963218,2984.8161793496265,0,2023-01,2023-08
1995,10042,249,Headphones,Accessories,3,868.9665872625377,0.07101459175346093,Card,USA,London,58,Male,2023-08-06,2023-11-21,28.008308581071557,6,Yes,1,Mobile,2421.771839462071,610.1929781550729,2449.7801480431426,2023,11,21,1,47,107,0.25196138142006397,1269.9014799924141,0,2023-10,2023-11
3317,10114,398,Monitor,Electronics,6,181.33585969349537,0.2647846372551737,Card,Canada,New York,59,Female,2023-11-03,2023-10-23,46.808436211557066,7,Yes,2,Desktop,799.9254591791887,184.07164394745647,846.7338953907457,2023,10,23,0,43,-11,0.2301109957624479,2234.644040762402,0,2023-01,2023-10
4934,10110,380,Monitor,Accessories,6,426.82244074402666,0.029093628754828613,UPI,UK,London,30,Female,2023-05-16,2023-06-28,44.34334520999784,5,Yes,1,Mobile,2486.427762652741,445.00419340289994,2530.771107862739,2023,6,28,2,26,43,0.17897330462885844,2878.3545264663985,0,2023-01,2023-06
1815,10150,223,Laptop,Accessories,8,34.04428774966123,0.016712050834573555,UPI,USA,London,32,Female,2023-01-03,2023-03-21,11.053647153013305,8,Yes,2,Desktop,267.80270305729636,59.365657857902,278.85635021030964,2023,3,21,1,12,77,0.22167684336330512,1289.8743922165188,0,2023-01,2023-03
4342,10182,245,Phone,Electronics,2,488.76877203714474,0.038767140030824807,Cash,UK,New York,22,Male,2023-07-12,2023-05-21,12.775534334710844,9,No,1,Mobile,939.6412092177729,101.5185902942819,952.4167435524838,2023,5,21,6,20,-52,0.10803973825157531,2272.7595984489244,0,2023-01,2023-05
1455,10079,214,Phone,Accessories,1,40.60068459169281,0.017322323840110797,Card,Canada,New York,46,Female,2023-03-14,2023-01-31,21.09382473150101,2,Yes,2,Desktop,39.89738638506531,10.069268799721794,60.99121111656632,2023,1,31,1,5,-42,0.25237915843758124,2800.3901642400574,0,2023-01,2023-01
4533,10094,352,Headphones,Accessories,4,823.2173620044839,0.2535036711467328,Card,India,Toronto,52,Male,2023-12-27,2023-03-04,18.083473965080326,4,No,2,Mobile,2458.1149543384736,294.77156458149636,2476.198428303554,2023,3,4,5,9,-298,0.11991772966566777,2966.7977249220617,0,2023-01,2023-03
4798,10117,421,Headphones,Electronics,7,828.3566921373615,0.017715043337481584,Card,Canada,London,44,Male,2023-04-28,2023-02-17,32.6646928920318,9,Yes,3,Mobile,5695.776222060787,1021.5385200560738,5728.440914952819,2023,2,17,4,7,-70,0.17935018515992035,2545.8154826268365,1,2023-02,2023-02
2275,10143,405,Headphones,Accessories,3,791.9873445363224,0.08149925740909665,Card,UK,Mumbai,44,Female,2023-06-03,2023-03-28,45.62492214940452,5,No,4,Desktop,2182.3228922376293,263.45821970119624,2227.9478143870338,2023,3,28,1,13,-67,0.1207237575329933,1985.1145716480557,0,2023-01,2023-03
2016,10007,472,Phone,Electronics,3,297.6967875132958,0.031126903060756914,Cash,Canada,Mumbai,25,Male,2023-07-28,2023-10-31,48.303119375266405,3,Yes,4,Mobile,865.2912254006121,231.39175713492972,913.5943447758785,2023,10,31,1,44,95,0.2674148891638189,2100.338497174657,0,2023-04,2023-10
4773,10131,435,Tablet,Electronics,5,840.4924738573817,0.08862661089412949,UPI,India,New York,49,Male,2023-02-03,2023-03-02,34.412132864085194,6,No,2,Desktop,3830.012372086896,804.5342322584405,3864.4245049509814,2023,3,2,3,9,27,0.21006047868719185,1335.2107150045072,1,2023-03,2023-03
3343,10103,427,Monitor,Electronics,5,552.1381699531639,0.027167840280276145,UPI,UK,New York,37,Male,2023-05-17,2023-11-30,42.7171640630489,3,Yes,3,Mobile,2685.688841696162,639.7069754399052,2728.406005759211,2023,11,30,3,48,197,0.23819102403385445,2318.0946497422087,0,2023-01,2023-11
4796,10131,208,Tablet,Electronics,3,386.3319466896624,0.2004009752229042,Card,Canada,London,27,Female,2023-11-14,2023-10-01,28.63409901038587,5,No,4,Desktop,926.731943439873,219.18733450711736,955.3660424502589,2023,10,1,6,39,-44,0.23651643396852262,1335.2107150045072,0,2023-03,2023-10
3767,10183,365,Tablet,Electronics,9,632.8233605101483,0.03999804490277254,Card,UK,New York,30,Male,2023-04-30,2023-10-11,14.374712608701788,3,Yes,4,Desktop,5467.60496988846,1467.0745799698732,5481.979682497162,2023,10,11,2,41,164,0.26832124633170085,2459.7131068616527,1,2023-01,2023-10
4820,10024,413,Phone,Accessories,4,32.094225139166525,0.2555537777516663,Card,UK,Mumbai,46,Female,2023-04-25,2023-03-21,28.610978544206482,6,Yes,3,Desktop,95.56969864336008,12.090893449740923,124.18067718756657,2023,3,21,1,12,-35,0.12651388066902694,1066.911519630302,0,2023-03,2023-03
1337,10194,316,Tablet,Electronics,3,160.1016600487371,0.24515731521799228,Cash,USA,Toronto,52,Female,2023-01-13,2023-06-29,29.978717064694298,5,No,3,Mobile,362.55470072773505,84.09297777400509,392.53341779242936,2023,6,29,3,26,167,0.23194562808097682,2201.4848957995373,0,2023-03,2023-06
1878,10095,271,Laptop,Electronics,2,747.4476674068575,0.004098505641182825,Cash,USA,Toronto,25,Female,2023-03-10,2023-09-29,38.41059038961004,9,No,4,Desktop,1488.768497851003,320.1251422325983,1527.179088240613,2023,9,29,4,39,203,0.21502681088073147,1862.8198283528861,0,2023-04,2023-09
2076,10194,263,Headphones,Accessories,9,259.27837654182997,0.2687179066545344,UPI,UK,London,46,Male,2023-11-29,2023-03-18,14.89473453683071,3,Yes,4,Mobile,1706.4507056105094,181.18995388368205,1721.3454401473402,2023,3,18,5,11,-256,0.10617942451426307,2201.4848957995373,0,2023-03,2023-03
1791,10154,404,Laptop,Accessories,4,606.0489349821746,0.008683295023010117,Card,Canada,Toronto,48,Female,2023-09-14,2023-08-09,21.573967193902927,6,No,1,Desktop,2403.145733125373,337.1242940907812,2424.719700319276,2023,8,9,2,32,-36,0.14028458176456052,2159.124830281556,0,2023-05,2023-08
4993,10092,408,Monitor,Accessories,3,397.40055076656904,0.07189373548726698,Card,Canada,New York,58,Male,2023-03-30,2023-10-09,21.381236114655483,8,No,1,Desktop,1106.4898220617893,169.86201964785616,1127.8710581764446,2023,10,9,0,41,193,0.15351430827564416,1788.6058440859722,0,2023-01,2023-10
3264,10159,271,Headphones,Electronics,7,857.7096632232763,0.009716741332798517,Card,Canada,New York,47,Male,2023-02-16,2023-01-28,48.17478180835242,7,Yes,2,Desktop,5945.628642009658,680.841516983377,5993.80342381801,2023,1,28,5,4,-19,0.11451127508583324,3012.992431667733,1,2023-01,2023-01
1763,10177,476,Tablet,Electronics,8,953.3669998767107,0.1007530461117948,Card,India,New York,39,Male,2023-09-17,2023-12-27,24.97752321470235,6,No,4,Mobile,6858.498964613352,1172.418980758291,6883.476487828054,2023,12,27,2,52,101,0.1709439611797603,2551.775995472861,1,2023-04,2023-12
3235,10060,473,Monitor,Electronics,2,885.8934338027866,0.15415995771398147,Cash,UK,New York,38,Male,2023-08-16,2023-03-18,38.97922852841659,2,Yes,3,Mobile,1498.6482790173104,158.01822647601125,1537.627507545727,2023,3,18,5,11,-151,0.10544050174309513,3143.138235630408,0,2023-03,2023-03
1379,10121,294,Headphones,Accessories,7,285.20759479972475,0.23899346070454142,UPI,UK,London,29,Female,2023-06-29,2023-06-13,38.78651216184976,7,No,3,Mobile,1519.3139128952396,320.0232665237529,1558.1004250570893,2023,6,13,1,24,-16,0.21063669845154592,2780.2592182564977,0,2023-01,2023-06
1492,10050,365,Tablet,Electronics,5,210.27961166516062,0.10139446514095084,UPI,India,Toronto,28,Female,2023-01-10,2023-01-09,16.94948831614586,8,Yes,4,Desktop,944.792114551624,134.44409941033777,961.7416028677699,2023,1,9,0,2,-1,0.14230019211595746,1566.9430894695204,0,2023-01,2023-01
4112,10146,231,Laptop,Accessories,5,484.9461957483203,0.211647007401935,Cash,UK,Mumbai,19,Male,2023-10-11,2023-06-24,30.734136021727945,1,No,2,Mobile,1911.5439233361767,300.8782007965617,1942.2780593579046,2023,6,24,5,25,-109,0.15740062110183972,2867.4049116280626,0,2023-05,2023-06
2180,10020,210,Headphones,Electronics,3,27.18746781945667,0.0562513371356941,Card,UK,Toronto,58,Female,2023-05-06,2023-11-03,45.243630199339165,9,Yes,3,Mobile,76.97440920383575,21.714044024661614,122.21803940317491,2023,11,3,4,44,181,0.2820943252342568,1074.2149182280577,0,2023-01,2023-11
3062,10004,416,Tablet,Accessories,5,45.2932050059181,0.2251795370232379,UPI,India,New York,19,Female,2023-05-14,2023-03-17,26.383897375562725,4,Yes,4,Desktop,175.4705103619343,35.19295686305037,201.854407737497,2023,3,17,4,11,-58,0.20056336982470507,1850.9581124109795,0,2023-01,2023-03
4884,10091,488,Laptop,Electronics,2,562.2248268305401,0.07079898177277126,UPI,USA,Mumbai,51,Female,2023-06-04,2023-09-02,47.53028783041457,8,No,4,Desktop,1044.8397631271305,160.69926675257577,1092.3700509575451,2023,9,2,5,35,90,0.15380278624888316,2574.437131377038,0,2023-01,2023-09
1064,10169,301,Monitor,Electronics,4,530.0404160819803,0.043063426783130375,Cash,UK,London,20,Male,2023-09-05,2023-05-02,14.650620319587272,7,No,2,Mobile,2028.860237727736,445.7250767947997,2043.5108580473232,2023,5,2,1,18,-126,0.21969235164961326,1723.9378024318034,0,2023-05,2023-05
4928,10060,466,Monitor,Electronics,6,994.6903492545548,0.05562265511221629,Card,India,New York,33,Female,2023-05-20,2023-07-04,8.337159759831383,7,Yes,4,Mobile,5636.178186087112,790.9490470001246,5644.515345846944,2023,7,4,1,27,45,0.14033428697349912,3143.138235630408,1,2023-03,2023-07
4910,10021,413,Monitor,Accessories,1,217.80499865648295,0.05461893866455662,UPI,Canada,New York,21,Male,2023-11-14,2023-02-01,45.11542429151372,2,Yes,3,Mobile,205.90872079403067,23.654616177062668,251.02414508554438,2023,2,1,2,5,-286,0.11487913715283699,1812.3064765422776,0,2023-02,2023-02
3568,10148,378,Monitor,Accessories,4,272.94185057725906,0.15385886381309735,Card,USA,Mumbai,40,Female,2023-06-25,2023-09-07,43.14565390829975,1,No,1,Desktop,923.7893102415912,96.24154436637723,966.934964149891,2023,9,7,3,36,74,0.10418127088005374,1154.9753575820957,0,2023-04,2023-09
2367,10069,287,Phone,Electronics,6,131.26982947976097,0.2534392743564438,UPI,Canada,London,37,Male,2023-11-19,2023-02-26,49.66654441702301,4,No,2,Desktop,588.0053949090975,170.7013819096982,637.6719393261205,2023,2,26,6,8,-266,0.2903058090752513,2374.1159748849523,0,2023-01,2023-02
2152,10000,240,Headphones,Electronics,9,919.1921494606698,0.023881523097751687,Cash,UK,Mumbai,42,Male,2023-06-23,2023-11-06,35.57270696505917,2,No,4,Desktop,8075.163968208475,1977.7866404397155,8110.736675173534,2023,11,6,0,45,136,0.24492216482862325,2280.6253023992795,1,2023-01,2023-11
3027,10132,275,Headphones,Electronics,2,782.2550195692817,0.2120868955480268,Card,USA,London,47,Male,2023-03-15,2023-05-24,47.15095670002173,8,No,2,Desktop,1232.6979618839434,320.48868659096524,1279.848918583965,2023,5,24,2,21,70,0.2599896296584765,1353.1466186924708,0,2023-01,2023-05
3695,10011,245,Phone,Accessories,7,825.8923292277105,0.1963039378958573,Cash,India,New York,35,Female,2023-12-17,2023-11-14,42.21270612878499,7,No,4,Desktop,4646.364889056304,1376.1768271582303,4688.577595185088,2023,11,14,1,46,-33,0.2961835456357664,1459.6737445427225,1,2023-04,2023-11
2495,10089,359,Tablet,Electronics,6,904.7085122052185,0.2617559855488087,UPI,UK,Toronto,59,Male,2023-05-23,2023-03-25,42.99918499040391,8,No,1,Mobile,4007.3738637512706,1147.4142897310273,4050.3730487416747,2023,3,25,5,12,-59,0.2863257406826879,2664.1859989506265,1,2023-01,2023-03
4134,10045,279,Tablet,Electronics,2,534.4019869913215,0.07324426815207216,Cash,India,New York,28,Female,2023-10-19,2023-02-25,30.61137067044207,6,Yes,2,Mobile,990.5202091102578,245.03750403313404,1021.1315797806999,2023,2,25,5,8,-236,0.24738263972750318,1533.1713637498128,0,2023-02,2023-02
2162,10033,285,Monitor,Electronics,8,462.1693276217092,0.13503295760550887,Cash,USA,Toronto,46,Male,2023-04-22,2023-10-06,22.20640690625199,1,No,4,Mobile,3198.089891187203,763.6955956394789,3220.2962980934553,2023,10,6,4,40,167,0.23879741396386386,2093.471672116044,1,2023-02,2023-10
2522,10176,291,Laptop,Electronics,7,343.78364419230417,0.2777482123330552,Cash,Canada,Toronto,34,Female,2023-07-25,2023-09-30,47.055113264447684,9,No,1,Desktop,1738.0884611198398,290.9038646723103,1785.1435743842876,2023,9,30,5,39,67,0.16736999938707534,2068.1324606578996,0,2023-03,2023-09
3640,10077,347,Tablet,Accessories,5,597.4303220608983,0.19799803504059516,UPI,UK,London,43,Male,2023-05-11,2023-06-15,24.44527290271525,6,No,3,Desktop,2395.701461095852,289.4090025305255,2420.1467339985675,2023,6,15,3,24,35,0.12080345035902045,1454.8342602132786,0,2023-01,2023-06
1391,10044,360,Laptop,Accessories,5,465.19282885402606,0.11663052385847907,Card,UK,Mumbai,40,Female,2023-04-20,2023-06-07,29.246871526235108,1,No,4,Mobile,2054.6857276478663,441.23247911691084,2083.9325991741016,2023,6,7,2,23,48,0.2147445096735152,1314.2463598068557,0,2023-06,2023-06
2698,10154,401,Headphones,Electronics,7,462.53427487346363,0.039423714856580534,Cash,India,London,37,Male,2023-03-08,2023-09-06,25.07514382063345,1,Yes,1,Mobile,3110.096188566198,669.4502541973685,3135.1713323868316,2023,9,6,2,36,182,0.21525065901771845,2159.124830281556,0,2023-05,2023-09
1418,10072,441,Laptop,Electronics,9,938.1893064565161,0.07874550237017731,Card,USA,New York,62,Male,2023-03-27,2023-07-05,30.41682412820887,8,Yes,1,Mobile,7778.800063811425,2259.332697692264,7809.216887939634,2023,7,5,2,27,100,0.2904474570831488,3274.2724532220573,1,2023-02,2023-07
3336,10025,201,Headphones,Accessories,9,984.3508839935475,0.17436464324681497,UPI,India,Mumbai,19,Male,2023-10-02,2023-03-19,26.172728554654725,6,Yes,2,Desktop,7314.4340394869305,1378.874398574612,7340.606768041585,2023,3,19,6,11,-197,0.18851416133234183,2462.8187650520977,1,2023-03,2023-03
1378,10046,424,Phone,Accessories,9,800.5547015429892,0.2154503842681541,Card,USA,Toronto,41,Female,2023-08-15,2023-01-22,7.1585401360764145,8,Yes,4,Desktop,5652.6739512108725,1346.249447763643,5659.832491346949,2023,1,22,6,3,-205,0.23816152486121367,1682.2816480615243,1,2023-01,2023-01
2796,10120,488,Phone,Electronics,6,761.6229284419898,0.03732656605556804,Cash,UK,Toronto,48,Male,2023-11-21,2023-04-18,44.69216837034644,8,No,3,Desktop,4399.164959364388,945.794623277922,4443.857127734735,2023,4,18,1,16,-217,0.21499412547934435,3122.185045498022,1,2023-04,2023-04
4561,10055,432,Monitor,Accessories,6,686.9469985435194,0.1798791780132162,Cash,USA,New York,44,Male,2023-01-10,2023-09-30,24.99772185120964,8,Yes,4,Desktop,3380.2772226411907,457.5274375239421,3405.2749444924,2023,9,30,5,39,263,0.13535204582020985,2484.184814150057,1,2023-04,2023-09
3278,10093,276,Tablet,Accessories,3,182.75335528684343,0.1651053836516253,Cash,UK,Mumbai,19,Male,2023-12-21,2023-09-09,31.502464182830693,7,No,1,Desktop,457.7393773457621,99.97616725065325,489.2418415285928,2023,9,9,5,36,-103,0.21841286155098333,487.62407279606,0,2023-01,2023-09
4065,10106,315,Monitor,Electronics,1,77.92370445814143,0.15418663400721241,Cash,USA,New York,31,Male,2023-10-15,2023-01-15,11.263451124109416,7,No,3,Mobile,65.90891075836778,13.710591875136252,77.17236188247719,2023,1,15,6,2,-273,0.208023341872564,1635.3902971106863,0,2023-01,2023-01
3088,10062,353,Headphones,Accessories,7,696.9117888109978,0.20703693530460238,Cash,Canada,New York,21,Female,2023-04-22,2023-10-31,5.152453159218761,4,Yes,1,Mobile,3868.3771551454433,768.9606482402155,3873.529608304662,2023,10,31,1,44,192,0.19878119878187112,2209.032053150145,1,2023-01,2023-10
4099,10047,302,Monitor,Accessories,4,734.2104978114445,0.25123487852503856,Cash,USA,London,30,Male,2023-01-24,2023-06-09,16.03805421396393,9,Yes,2,Desktop,2199.0048503279127,445.7043893053077,2215.0429045418764,2023,6,9,4,23,136,0.20268458672969497,2346.5370182773686,0,2023-06,2023-06
3182,10060,393,Laptop,Electronics,1,66.033531276177,0.09689690495306051,UPI,Canada,New York,53,Male,2023-10-18,2023-07-24,36.70637144600076,2,No,4,Desktop,59.635086472394335,7.919396024879398,96.3414579183951,2023,7,24,0,30,-86,0.1327975943917741,3143.138235630408,0,2023-03,2023-07
1200,10080,365,Headphones,Electronics,8,929.4907152242712,0.2667036570332878,UPI,USA,Mumbai,52,Female,2023-12-05,2023-04-23,9.463753855079537,9,Yes,1,Mobile,5452.737138363775,1050.7181614135866,5462.200892218854,2023,4,23,6,16,-226,0.19269554624613353,2293.8230466527907,1,2023-01,2023-04
2863,10025,289,Phone,Accessories,6,109.31782665578399,0.048190083785565205,UPI,USA,New York,61,Female,2023-11-22,2023-06-17,45.899934817391056,3,Yes,1,Desktop,624.2987485799152,138.05159079230233,670.1986833973062,2023,6,17,5,24,-158,0.22113065436431933,2462.8187650520977,0,2023-03,2023-06
1779,10035,373,Tablet,Electronics,6,300.1825230957783,0.051907160925349305,Card,India,Mumbai,25,Female,2023-06-17,2023-12-19,14.676015621028306,2,No,4,Desktop,1707.60540337481,337.91775960806063,1722.2814189958383,2023,12,19,1,51,185,0.1978898397371079,2659.04872080023,0,2023-03,2023-12
3977,10000,321,Headphones,Accessories,2,678.9420165427304,0.08003161908717717,Card,India,Toronto,19,Male,2023-04-19,2023-09-10,14.206712643129912,4,No,3,Mobile,1249.2103753850054,247.0154105903014,1263.4170880281354,2023,9,10,6,36,144,0.19773723902522944,2280.6253023992795,0,2023-01,2023-09
4104,10007,342,Headphones,Electronics,1,186.4751425163868,0.03585926086412334,UPI,UK,New York,23,Female,2023-07-09,2023-07-05,13.167858272967297,5,No,1,Desktop,179.7882817362171,20.76618334318324,192.9561400091844,2023,7,5,2,27,-4,0.11550354195859716,2100.338497174657,0,2023-04,2023-07
4119,10112,305,Laptop,Accessories,2,74.30757067339954,0.06909576740486327,Card,India,Mumbai,48,Female,2023-12-21,2023-12-13,5.629177083711413,2,No,4,Desktop,138.34646410745978,19.113232285668413,143.9756411911712,2023,12,13,2,50,-8,0.13815483040334392,1834.7712572933065,0,2023-02,2023-12
1502,10098,322,Tablet,Electronics,4,344.5235593808668,0.031923528870853375,Card,USA,Toronto,27,Female,2023-07-15,2023-08-15,39.73124608152056,1,No,2,Mobile,1334.1006063451302,219.05203344491795,1373.8318524266508,2023,8,15,1,33,31,0.16419453855510013,2252.979146615021,0,2023-04,2023-08
3454,10179,208,Phone,Accessories,2,770.6521433580755,0.2465257250956171,Cash,India,Mumbai,61,Male,2023-02-02,2023-01-16,44.376553906036634,5,Yes,2,Desktop,1161.333129840469,213.53362437307993,1205.7096837465056,2023,1,16,0,3,-17,0.18386939878518133,1092.5907333258413,0,2023-01,2023-01
4645,10046,461,Headphones,Accessories,1,425.4051054055551,0.041690697565987374,Cash,USA,Toronto,38,Male,2023-07-24,2023-06-05,32.63732161772895,9,No,4,Desktop,407.6696698130651,89.19302330679713,440.3069914307941,2023,6,5,0,23,-49,0.21878748877172086,1682.2816480615243,0,2023-01,2023-06
2751,10126,272,Headphones,Accessories,7,659.9134634697805,0.22418926726795704,Card,Canada,London,59,Male,2023-11-08,2023-12-20,13.468999175593803,5,No,1,Mobile,3583.7756334396145,977.1845931117857,3597.244632615208,2023,12,20,2,51,42,0.2726690209046121,3214.1213643739766,1,2023-03,2023-12
1804,10055,422,Laptop,Electronics,8,588.0267152835739,0.014374160374000121,Card,USA,New York,27,Female,2023-07-01,2023-04-21,17.837509862339587,9,No,4,Mobile,4636.594599791131,611.2559329989176,4654.43210965347,2023,4,21,4,16,-71,0.1318329476177308,2484.184814150057,1,2023-04,2023-04
3146,10013,240,Monitor,Electronics,6,41.774112385068804,0.28455609825417455,UPI,UK,New York,40,Male,2023-05-27,2023-01-01,26.416701381423348,6,Yes,4,Desktop,179.3222037404534,18.473344139542213,205.73890512187674,2023,1,1,6,52,-146,0.103017606042139,1570.3190183676347,0,2023-01,2023-01
3731,10027,403,Phone,Accessories,4,988.7691873047926,0.21334802625832985,Card,Canada,Toronto,20,Female,2023-09-25,2023-02-10,47.945567823048535,3,No,1,Mobile,3111.268931073049,590.6663986408062,3159.214498896097,2023,2,10,4,6,-227,0.18984742615518313,4945.269900734625,0,2023-01,2023-02
2895,10077,463,Tablet,Accessories,6,60.599527043,0.002038964575833535,Cash,UK,London,49,Female,2023-01-11,2023-02-17,16.130811731798424,4,No,3,Mobile,362.85580052428236,67.64378860225986,378.9866122560808,2023,2,17,4,7,37,0.1864205794823256,1454.8342602132786,0,2023-01,2023-02
3773,10129,377,Headphones,Electronics,3,968.4466828955153,0.2291569500600642,Card,UK,Mumbai,37,Female,2023-03-11,2023-04-18,37.92406567639496,4,Yes,3,Desktop,2239.5611842421786,471.15942771976773,2277.4852499185736,2023,4,18,1,16,38,0.21038024369903446,2377.7899734063253,0,2023-01,2023-04
2570,10108,283,Headphones,Electronics,8,558.8668947971101,0.15422457622985558,UPI,UK,London,27,Male,2023-09-13,2023-06-10,24.775170048181415,1,No,2,Mobile,3781.4070782250446,1008.2908486215849,3806.182248273226,2023,6,10,5,23,-95,0.2666443542743001,1651.80146852154,1,2023-02,2023-06
1960,10153,310,Phone,Electronics,2,963.8958465237652,0.23380955110053592,Cash,India,Mumbai,46,Female,2023-08-07,2023-06-10,18.40313067620098,3,No,3,Desktop,1477.0555826807451,384.73178449836803,1495.4587133569462,2023,6,10,5,23,-58,0.2604721101964956,1189.003784159761,0,2023-01,2023-06
4810,10013,450,Monitor,Electronics,5,132.45852742555874,0.15674904266717654,Cash,UK,Mumbai,58,Female,2023-10-24,2023-12-25,25.51621716599512,3,No,4,Mobile,558.4789002924923,67.02230272327357,583.9951174584875,2023,12,25,0,52,62,0.12000865688600225,1570.3190183676347,0,2023-01,2023-12
3660,10186,206,Headphones,Electronics,1,500.60034880180297,0.1923074572906064,Cash,Canada,New York,63,Male,2023-12-28,2023-05-08,8.204302289355464,1,Yes,1,Mobile,404.3311686049376,115.96180447648909,412.53547089429304,2023,5,8,0,19,-234,0.2867990733353347,1749.491036081567,0,2023-03,2023-05
2485,10055,283,Phone,Electronics,6,186.11401002873745,0.23589949661851212,Cash,USA,Toronto,51,Female,2023-09-16,2023-07-29,40.94093169186631,9,Yes,2,Desktop,853.2588524958334,104.16829718937109,894.1997841876997,2023,7,29,5,30,-49,0.12208287893488895,2484.184814150057,0,2023-04,2023-07
3690,10114,407,Laptop,Accessories,2,69.95537948199356,0.121532416376357,Card,UK,New York,54,Female,2023-01-03,2023-05-31,15.948586759233521,1,No,3,Desktop,122.9070663500437,27.88934655424404,138.85565310927723,2023,5,31,2,22,148,0.22691410170684723,2234.644040762402,0,2023-01,2023-05
4840,10006,221,Monitor,Electronics,4,625.1785327610653,0.0008124449461356264,UPI,Canada,New York,37,Female,2023-03-25,2023-09-12,37.64354554368367,9,No,4,Desktop,2498.682438486764,585.8942033157244,2536.3259840304477,2023,9,12,1,37,171,0.23448125871911515,3219.395486351179,0,2023-03,2023-09
2028,10002,202,Tablet,Accessories,6,223.6277525424576,0.2549839487835565,Card,UK,New York,25,Male,2023-06-05,2023-08-06,8.075676715168763,1,No,2,Mobile,999.6375908495384,235.88997776505897,1007.7132675647072,2023,8,6,6,31,62,0.23597549744461763,1889.2530815769592,0,2023-01,2023-08
4289,10110,326,Headphones,Electronics,8,595.9430779217951,0.11426710878739876,Card,USA,Mumbai,24,Female,2023-05-31,2023-01-30,47.97943502745587,2,Yes,1,Desktop,4222.7710832464645,646.3805592559282,4270.7505182739205,2023,1,30,0,5,-121,0.1530702343350782,2878.3545264663985,1,2023-01,2023-01
1502,10150,496,Phone,Electronics,8,130.11719231000592,0.1488128178049749,Cash,Canada,New York,23,Male,2023-06-25,2023-02-14,13.685674343256437,2,Yes,3,Desktop,886.032690219857,147.142579093478,899.7183645631135,2023,2,14,1,7,-131,0.1660690183529984,1289.8743922165188,0,2023-01,2023-02
3814,10106,387,Laptop,Accessories,6,345.34674200404874,0.002329992646190615,UPI,Canada,Mumbai,28,Male,2023-07-14,2023-03-21,44.72339342931862,6,Yes,4,Mobile,2067.2525198087606,433.57598252355353,2111.975913238079,2023,3,21,1,12,-115,0.20973537502987938,1635.3902971106863,0,2023-01,2023-03
1397,10017,213,Tablet,Accessories,4,785.9999068921823,0.1476276031050294,Cash,USA,Toronto,61,Female,2023-04-17,2023-02-08,41.42629443269455,7,Yes,1,Mobile,2679.858498387652,374.9590991971259,2721.284792820347,2023,2,8,2,6,-68,0.13991749916001966,1845.723836886662,0,2023-02,2023-02
1870,10037,211,Phone,Electronics,8,448.3104914053439,0.29594622047151886,Card,Canada,Mumbai,35,Female,2023-05-14,2023-08-28,48.553696583663715,1,Yes,4,Mobile,2525.077567009624,262.76485804125554,2573.6312635932877,2023,8,28,0,35,106,0.10406209356667023,2866.9756595223207,0,2023-01,2023-08
3842,10114,286,Phone,Accessories,8,635.1905065993897,0.08348029824563089,Card,USA,Mumbai,59,Female,2023-10-03,2023-02-14,26.50507974255873,3,Yes,4,Desktop,4657.316909325434,989.3486656258057,4683.821989067992,2023,2,14,1,7,-231,0.21242889090171513,2234.644040762402,1,2023-01,2023-02
1392,10014,211,Tablet,Accessories,1,654.508781930635,0.11862548107271342,Cash,Canada,London,46,Female,2023-12-18,2023-03-19,37.73287822306782,2,No,4,Mobile,576.8673628077977,111.36754084228868,614.6002410308655,2023,3,19,6,11,-274,0.19305571440240143,973.4380283387828,0,2023-03,2023-03
1206,10191,224,Laptop,Accessories,4,846.8799431075478,0.206156998940603,Card,Canada,New York,42,Male,2023-06-04,2023-12-03,21.68197956670028,8,Yes,1,Mobile,2689.1588622940285,622.1267949015769,2710.8408418607287,2023,12,3,6,48,182,0.2313462412446924,1626.1553226298556,0,2023-10,2023-12
2038,10118,442,Laptop,Accessories,4,338.4243385185085,0.24443810025709758,Card,USA,New York,38,Male,2023-10-04,2023-12-15,13.296570710886222,9,No,2,Desktop,1022.8021445211175,132.2893471651418,1036.0987152320038,2023,12,15,4,50,72,0.129340115166732,1345.0401548442724,0,2023-07,2023-12
2881,10027,321,Monitor,Electronics,7,693.5496513308672,0.1252174872018301,Cash,USA,New York,63,Female,2023-08-24,2023-10-15,24.938416982005197,2,Yes,4,Mobile,4246.935747190574,1138.9643738262785,4271.874164172579,2023,10,15,6,41,52,0.2681849789179703,4945.269900734625,1,2023-01,2023-10
4625,10038,346,Headphones,Accessories,7,962.3834909052424,0.09290066112038776,Card,Canada,New York,20,Male,2023-08-28,2023-10-07,12.45870569248047,2,No,2,Mobile,6110.841998441591,789.7914823960057,6123.300704134072,2023,10,7,5,40,40,0.12924429769210546,2785.658409818378,1,2023-01,2023-10
3939,10184,254,Tablet,Electronics,8,735.6384676707107,0.2813477399955201,UPI,Canada,London,35,Female,2023-01-13,2023-04-26,49.192008025387274,9,Yes,2,Desktop,4229.34597870231,1176.8946960585006,4278.537986727698,2023,4,26,2,17,103,0.2782687209760047,2930.004441825764,1,2023-04,2023-04
2484,10016,437,Tablet,Electronics,5,500.07306718338964,0.20314349000150075,Cash,USA,London,41,Female,2023-12-08,2023-09-26,9.331092101332237,4,No,3,Mobile,1992.4323953000046,378.3713488605851,2001.7634874013368,2023,9,26,1,39,-73,0.1899042345191406,1906.2916662647992,0,2023-04,2023-09
4762,10085,372,Tablet,Electronics,7,638.1030956020907,0.035706391347942325,UPI,India,London,64,Female,2023-02-04,2023-12-01,31.51452755536792,5,No,3,Desktop,4307.231157251323,904.3507844432754,4338.74568480669,2023,12,1,4,48,300,0.20996105187453895,2113.945362050333,1,2023-01,2023-12
4646,10125,420,Laptop,Electronics,8,744.889239807846,0.020678363440394587,Card,USA,London,55,Female,2023-02-16,2023-11-08,33.190873486432515,9,No,2,Desktop,5835.889195074081,1630.0587857188732,5869.080068560514,2023,11,8,2,45,265,0.27931626719279773,2984.8161793496265,1,2023-01,2023-11
1863,10043,318,Headphones,Accessories,9,620.030250379995,0.14506495523711072,Card,Canada,New York,27,Male,2023-08-02,2023-02-22,29.21357942933244,6,Yes,3,Desktop,4770.770308766698,763.2402842538894,4799.98388819603,2023,2,22,2,8,-161,0.1599826096954134,3421.85869647047,1,2023-01,2023-02
3790,10024,382,Monitor,Accessories,3,36.34229722004237,0.06602701981418173,Cash,Canada,Mumbai,44,Male,2023-05-26,2023-03-09,34.79836485703251,9,Yes,3,Desktop,101.82817092420525,13.885839182796285,136.62653578123775,2023,3,9,3,10,-78,0.1363653992482303,1066.911519630302,0,2023-03,2023-03
4312,10144,487,Phone,Electronics,3,210.87802773348133,0.07619542601287604,Card,Canada,Toronto,29,Female,2023-06-08,2023-07-01,10.228134875535092,9,Yes,2,Desktop,584.4302597207209,110.5451730773612,594.658394596256,2023,7,1,5,26,23,0.18915032416389072,1809.1680550882843,0,2023-04,2023-07
1563,10012,499,Phone,Electronics,4,814.2588528711567,0.26330765364835446,Cash,USA,London,24,Female,2023-05-05,2023-02-03,29.9758335892381,7,No,1,Mobile,2399.4330594370067,357.2118672981762,2429.4088930262446,2023,2,3,4,5,-91,0.14887344570554134,2381.769894872753,0,2023-02,2023-02
2020,10024,281,Tablet,Electronics,5,287.197634366235,0.0268698072948932,Cash,Canada,Mumbai,34,Male,2023-04-20,2023-10-11,17.92456570073127,9,No,3,Desktop,1397.4034463763253,287.2625248646724,1415.3280120770567,2023,10,11,2,41,174,0.20556878230806344,1066.911519630302,0,2023-03,2023-10
1095,10067,410,Headphones,Electronics,1,736.9308771699112,0.2146092345686669,Cash,India,London,18,Male,2023-02-06,2023-11-02,47.30792284854755,5,No,3,Desktop,578.7787056904604,89.74054867188637,626.086628539008,2023,11,2,3,44,269,0.1550515728888633,2512.0019646026153,0,2023-04,2023-11
2923,10137,349,Laptop,Accessories,7,384.6778109368647,0.08134267601417641,Cash,UK,New York,43,Male,2023-10-04,2023-09-06,39.29322440478766,5,Yes,1,Desktop,2473.709618743893,675.0701777755737,2513.0028431486803,2023,9,6,2,36,-28,0.27289790711909134,2252.4829379335433,0,2023-05,2023-09
2757,10066,236,Headphones,Electronics,9,531.4466415947843,0.2280984664212413,Cash,India,New York,32,Female,2023-01-14,2023-04-21,48.76315169718842,8,Yes,1,Desktop,3692.0202989606546,817.6529744307709,3740.783450657843,2023,4,21,4,16,97,0.2214649184515452,2041.7879172047167,1,2023-02,2023-04
3532,10108,258,Headphones,Accessories,8,86.61383382301563,0.21672341533906336,UPI,USA,Mumbai,50,Male,2023-12-13,2023-04-04,6.690023138308529,4,No,1,Mobile,542.7407035302527,54.300194606141524,549.4307266685613,2023,4,4,1,14,-253,0.10004813394858046,1651.80146852154,0,2023-02,2023-04
4478,10145,330,Laptop,Electronics,5,197.60104982871536,0.0022175704332879076,Cash,Canada,Mumbai,54,Female,2023-08-20,2023-06-28,17.83099288313189,9,Yes,2,Mobile,985.8142779151427,257.39092941811515,1003.6452707982746,2023,6,28,2,26,-53,0.2610947469359649,1709.9869196229188,0,2023-01,2023-06
3278,10110,401,Tablet,Electronics,4,958.0530242488499,0.15274062387647974,UPI,USA,Mumbai,64,Female,2023-11-12,2023-02-16,13.794016398725704,7,Yes,1,Mobile,3246.8776304733296,539.119572931823,3260.671646872055,2023,2,16,3,7,-269,0.1660424673452292,2878.3545264663985,1,2023-01,2023-02
3796,10110,442,Headphones,Electronics,7,892.3352923779757,0.04179584471341391,Card,UK,New York,48,Male,2023-05-04,2023-10-09,5.501956429032372,7,Yes,2,Desktop,5985.275695458129,981.8341825566743,5990.7776518871615,2023,10,9,0,41,158,0.16404159683099143,2878.3545264663985,1,2023-01,2023-10
2678,10033,234,Phone,Electronics,5,659.2296086810692,0.25986810917360303,Cash,USA,New York,52,Female,2023-10-06,2023-12-06,15.904657861084464,3,Yes,4,Mobile,2439.5842838093276,430.86123161994306,2455.4889416704123,2023,12,6,2,49,61,0.17661256242689347,2093.471672116044,0,2023-02,2023-12
4242,10110,292,Laptop,Accessories,7,470.4517054380226,0.261475764858722,Card,Canada,Toronto,18,Male,2023-04-21,2023-12-28,35.5449192584193,4,No,4,Mobile,2432.079901506678,549.7777555958841,2467.6248207650974,2023,12,28,3,52,251,0.22605250561681617,2878.3545264663985,0,2023-01,2023-12
1540,10007,406,Monitor,Accessories,1,682.2460670373193,0.1255037422481274,Cash,UK,Mumbai,25,Female,2023-05-04,2023-04-02,15.399001496055584,7,Yes,1,Desktop,596.6216324900689,112.41075978803107,612.0206339861245,2023,4,2,6,13,-32,0.1884121420788446,2100.338497174657,0,2023-04,2023-04
2059,10167,412,Tablet,Accessories,1,626.2380833120602,0.13331868553532417,UPI,UK,Toronto,29,Female,2023-01-30,2023-07-31,27.90515504671782,5,Yes,1,Desktop,542.7488452127355,122.51312791335013,570.6540002594534,2023,7,31,0,31,182,0.2257271093139405,2905.529530566239,0,2023-03,2023-07
3572,10112,358,Laptop,Electronics,3,577.1812104925199,0.09098488182135812,UPI,Canada,London,36,Female,2023-04-25,2023-03-16,44.95181517342494,3,No,4,Mobile,1573.9993387990487,203.60648564054176,1618.9511539724735,2023,3,16,3,11,-40,0.12935614432715847,1834.7712572933065,0,2023-02,2023-03
2183,10082,223,Monitor,Electronics,2,77.99353042627098,0.2149818896880093,UPI,Canada,Toronto,42,Female,2023-03-31,2023-07-21,36.21910641570838,1,No,2,Mobile,122.45266774358399,36.00511214055839,158.67177415929237,2023,7,21,4,29,112,0.29403289290481716,2007.2577559731105,0,2023-05,2023-07
4910,10041,492,Monitor,Accessories,2,640.1465584482768,0.10759840890793773,Card,Canada,London,49,Female,2023-07-31,2023-10-24,22.758308145771437,7,Yes,2,Mobile,1142.5356145827002,280.97379498162286,1165.2939227284717,2023,10,24,1,43,85,0.24592125741677273,1007.1777894410704,0,2023-01,2023-10
2722,10168,203,Headphones,Accessories,7,773.541643679745,0.08033774235679013,Cash,USA,London,29,Female,2023-02-07,2023-11-04,21.761102251044875,6,Yes,1,Mobile,4979.779380852876,747.1731767392391,5001.54048310392,2023,11,4,5,44,270,0.15004142143567661,3779.6119602690846,1,2023-02,2023-11
4314,10100,419,Headphones,Electronics,2,994.200021552664,0.12966931785135247,Card,India,Toronto,30,Male,2023-03-24,2023-07-30,25.508111630381812,7,Yes,1,Desktop,1730.5655659002603,423.7012579450988,1756.073677530642,2023,7,30,6,30,128,0.24483398161495518,1897.4383223307564,0,2023-02,2023-07
4157,10005,219,Headphones,Electronics,4,30.856981542423483,0.027446255516237614,UPI,USA,Mumbai,45,Male,2023-01-27,2023-12-04,12.966864847695787,2,Yes,1,Desktop,120.04029177020121,25.80927388600817,133.00715661789698,2023,12,4,0,49,311,0.21500509125232786,2582.951268592836,0,2023-02,2023-12
2819,10179,351,Laptop,Accessories,2,735.5699842444631,0.22398096139326115,Card,USA,London,18,Female,2023-08-05,2023-05-14,33.530034533719466,4,No,4,Desktop,1141.6326240027245,139.09400649554615,1175.162658536444,2023,5,14,6,19,-83,0.12183779928070294,1092.5907333258413,0,2023-01,2023-05
3625,10025,249,Laptop,Electronics,6,580.3535296172608,0.003778920381536088,UPI,India,Mumbai,23,Male,2023-12-26,2023-11-26,21.386876859707247,2,No,3,Desktop,3468.962519014163,470.5275970114684,3490.34939587387,2023,11,26,6,47,-30,0.1356392853576252,2462.8187650520977,1,2023-03,2023-11
3729,10063,376,Tablet,Electronics,8,445.3711325593376,0.19334551845617817,UPI,Canada,New York,25,Female,2023-08-03,2023-03-07,43.356440716791965,8,No,1,Desktop,2874.0849602338976,311.15311790972765,2917.4414009506895,2023,3,7,1,10,-149,0.10826162838429297,2592.0199788767322,0,2023-03,2023-03
3604,10186,295,Headphones,Accessories,4,145.01877107994346,0.054859358026461726,UPI,Canada,London,21,Male,2023-08-09,2023-10-07,39.04486970260173,7,Yes,2,Mobile,548.2525375868454,143.5586190201904,587.2974072894472,2023,10,7,5,40,59,0.2618476143349362,1749.491036081567,0,2023-03,2023-10
2597,10183,304,Monitor,Electronics,5,420.9034456621787,0.06972121386432394,Cash,India,New York,22,Male,2023-01-15,2023-01-28,32.47309238414721,1,Yes,3,Desktop,1957.7877325546751,411.80293258008015,1990.2608249388222,2023,1,28,5,4,13,0.210340950519047,2459.7131068616527,0,2023-01,2023-01
4060,10058,449,Phone,Accessories,4,367.2896393264126,0.19068959959201198,Cash,India,Toronto,42,Female,2023-09-16,2023-04-27,21.389100019228223,2,No,2,Desktop,1189.005300275858,194.22369444764928,1210.3944002950861,2023,4,27,3,17,-142,0.1633497297300424,2704.6356171940056,0,2023-02,2023-04
3693,10108,316,Tablet,Electronics,3,316.7732911991674,0.2978830397348721,UPI,USA,Mumbai,39,Male,2023-09-23,2023-11-13,14.446932425306798,2,Yes,3,Mobile,667.2357009298187,83.58393594572092,681.6826333551255,2023,11,13,0,46,51,0.12526898040564,1651.80146852154,0,2023-02,2023-11
1795,10197,427,Laptop,Accessories,5,736.2620308557636,0.23331524672176518,Card,UK,Toronto,45,Female,2023-04-30,2023-11-21,39.92683388475303,4,No,4,Desktop,2822.404367373916,555.475075601373,2862.3312012586694,2023,11,21,1,47,205,0.1968091751920758,2593.5554779252766,0,2023-01,2023-11
2051,10120,265,Tablet,Electronics,9,706.7110108585786,0.06775188966701759,Card,India,London,56,Male,2023-05-08,2023-04-24,26.888409454598893,3,No,3,Mobile,5929.470039819795,1215.8512876698626,5956.358449274394,2023,4,24,0,17,-14,0.20505226934358775,3122.185045498022,1,2023-04,2023-04
2643,10032,461,Tablet,Accessories,8,597.2396891612933,0.05280742651234014,Cash,USA,New York,40,Female,2023-07-30,2023-03-16,15.113751717981089,1,No,2,Desktop,4525.607985325243,1087.9095467974162,4540.7217370432245,2023,3,16,3,11,-136,0.24038970019610106,2874.0044855131327,1,2023-02,2023-03
4627,10180,494,Tablet,Accessories,8,939.8915170275048,0.2598698610803011,UPI,UK,London,21,Male,2023-01-11,2023-07-21,13.78285767680028,2,No,3,Desktop,5565.1363125361095,1636.0801894014282,5578.91917021291,2023,7,21,4,29,191,0.2939874420894183,3481.4245266139274,1,2023-07,2023-07
2363,10149,442,Tablet,Accessories,8,362.85729649723737,0.13325518437645129,Card,Canada,Toronto,21,Female,2023-06-25,2023-02-28,12.443040702561156,9,No,4,Desktop,2516.0374444012587,470.4715925961101,2528.48048510382,2023,2,28,1,9,-117,0.18698910608147495,2853.116082772503,0,2023-02,2023-02
4869,10020,385,Phone,Accessories,8,258.925898955976,0.04111584084844664,UPI,Canada,Mumbai,64,Male,2023-05-13,2023-01-15,39.97225382925178,1,No,2,Mobile,1986.2395432236888,359.9201937302075,2026.2117970529405,2023,1,15,6,2,-118,0.18120684131887385,1074.2149182280577,0,2023-01,2023-01
2981,10197,445,Headphones,Electronics,7,662.7852468364316,0.2586634269965814,Card,USA,Mumbai,38,Female,2023-11-21,2023-08-19,15.304423338514027,9,No,1,Desktop,3439.4286046886155,598.4124283728331,3454.7330280271294,2023,8,19,5,33,-94,0.1739860009180245,2593.5554779252766,1,2023-01,2023-08
2354,10069,324,Monitor,Electronics,8,214.8377797186549,0.2448277058742784,Cash,USA,London,54,Male,2023-11-16,2023-04-15,28.69890185863389,7,Yes,3,Mobile,1297.9163118001045,344.4472371931292,1326.6152136587384,2023,4,15,5,15,-215,0.2653847817933722,2374.1159748849523,0,2023-01,2023-04
2663,10111,467,Tablet,Accessories,8,328.7102970397561,0.29517190916914904,UPI,India,London,58,Female,2023-01-14,2023-06-14,25.31958624378754,2,No,2,Desktop,1853.4740087917855,243.29338227718625,1878.7935950355732,2023,6,14,2,24,151,0.13126344427984757,3608.2226463497304,0,2023-04,2023-06
2529,10003,330,Tablet,Electronics,8,240.11039127338714,0.27292310601380515,UPI,Canada,New York,19,Male,2023-02-19,2023-07-18,31.082490465272777,2,No,3,Desktop,1396.6297400069143,235.69883924367088,1427.712230472187,2023,7,18,1,29,149,0.16876258072701789,2978.079068592042,0,2023-01,2023-07
3038,10093,436,Tablet,Electronics,7,87.7704963641312,0.2555371015981625,Card,USA,Toronto,24,Female,2023-03-13,2023-12-20,44.47197051670374,5,Yes,4,Mobile,457.3931468218634,112.05865024137317,501.86511733856713,2023,12,20,2,51,282,0.24499416097507817,487.62407279606,0,2023-01,2023-12
4419,10074,217,Headphones,Electronics,1,830.9487668029599,0.015772319343300943,Card,Canada,London,33,Male,2023-03-10,2023-02-04,44.048632553677876,5,No,2,Mobile,817.8427774950216,84.35147565211639,861.8914100486994,2023,2,4,5,5,-34,0.10313898706848929,2324.374232591874,0,2023-01,2023-02
2496,10189,239,Laptop,Electronics,4,269.44973206322794,0.03132461084943541,Card,Canada,New York,34,Female,2023-01-16,2023-06-11,25.298423232118683,4,Yes,1,Desktop,1044.0372962514507,164.82858327726063,1069.3357194835694,2023,6,11,6,23,146,0.15787614472113892,1202.092273637818,0,2023-01,2023-06
4302,10061,220,Laptop,Electronics,4,483.5669532761603,0.17069495829123685,UPI,India,London,37,Female,2023-11-30,2023-09-02,5.691481283062549,3,No,1,Mobile,1604.0980494226626,366.19863345877246,1609.7895307057252,2023,9,2,5,35,-89,0.22828943255094195,1593.0100285361386,0,2023-01,2023-09
3237,10093,424,Phone,Accessories,5,62.44896778922571,0.15944377388454625,Cash,UK,Mumbai,40,Female,2023-12-23,2023-10-14,24.189971257143643,4,Yes,3,Desktop,262.45934344858546,36.00690745569419,286.6493147057291,2023,10,14,5,41,-70,0.13719041960016093,487.62407279606,0,2023-01,2023-10
4296,10094,481,Laptop,Accessories,6,705.3526769275902,0.13738896434686063,Cash,India,New York,51,Female,2023-02-25,2023-01-19,32.27870918408632,4,Yes,4,Desktop,3650.670018871336,586.0862817066247,3682.9487280554226,2023,1,19,3,3,-37,0.1605421138248542,2966.7977249220617,1,2023-01,2023-01
2408,10151,207,Tablet,Accessories,4,343.949782260165,0.11903679762437526,Card,USA,New York,28,Male,2023-04-15,2023-10-07,30.09941415941278,2,Yes,4,Mobile,1212.0284065452554,239.02292808154118,1242.1278207046682,2023,10,7,5,40,175,0.19720901489664583,1554.3242325916247,0,2023-01,2023-10
2400,10054,299,Tablet,Accessories,2,749.8419932726258,0.12936314545929867,Cash,India,London,51,Male,2023-05-12,2023-12-06,34.31012476100925,5,No,3,Mobile,1305.6801488508172,240.77357337185248,1339.9902736118265,2023,12,6,2,49,208,0.18440471319393742,1940.9416434274935,0,2023-02,2023-12
2306,10136,439,Tablet,Electronics,6,424.1549992585088,0.17078938024043858,Card,India,Toronto,50,Male,2023-02-17,2023-12-14,11.933407961288758,5,Yes,2,Mobile,2110.2829788555864,255.77777273730345,2122.216386816875,2023,12,14,3,50,300,0.12120543799107578,1515.5427018591542,0,2023-02,2023-12
3680,10130,286,Phone,Electronics,8,211.84049427751214,0.000622955280024362,Cash,Canada,Mumbai,43,Female,2023-09-05,2023-07-01,34.09407944513296,5,No,2,Desktop,1693.668216984632,487.178690769803,1727.762296429765,2023,7,1,5,26,-66,0.28764706445112653,2243.7020175982025,0,2023-04,2023-07
3675,10030,497,Tablet,Accessories,8,522.9115806363952,0.07821263223985565,UPI,India,Toronto,19,Female,2023-09-30,2023-05-27,13.219322843469751,1,No,3,Mobile,3856.1063158889538,419.7701195057979,3869.3256387324236,2023,5,27,5,21,-126,0.10885854411641856,3395.8742017346376,1,2023-05,2023-05
1972,10039,213,Laptop,Electronics,7,147.89446844469097,0.1554839162066133,Card,USA,New York,40,Female,2023-04-21,2023-06-25,38.773579131353706,6,No,2,Desktop,874.2948011393052,218.52871894039492,913.0683802706588,2023,6,25,6,25,65,0.24994855128456359,2449.0567001257323,0,2023-02,2023-06
2768,10035,201,Headphones,Electronics,6,451.72837667553483,0.21666482960209385,Cash,UK,Toronto,58,Female,2023-11-22,2023-06-12,20.2589425968206,2,No,2,Mobile,2123.1283495001976,242.64077697071968,2143.3872920970184,2023,6,12,0,24,-163,0.1142845542182315,2659.04872080023,0,2023-03,2023-06
2282,10151,492,Headphones,Accessories,2,330.9593678720768,0.0522470077186189,UPI,India,New York,39,Female,2023-12-02,2023-06-24,36.94529450216541,7,No,2,Mobile,627.3354624486304,121.3637919830715,664.2807569507959,2023,6,24,5,25,-161,0.19345916060501586,1554.3242325916247,0,2023-01,2023-06
4430,10005,240,Monitor,Electronics,7,913.7203925156405,0.16406435213622989,Cash,India,Toronto,51,Male,2023-12-15,2023-02-16,7.153951950774819,4,No,3,Mobile,5346.680137987301,722.2416276132668,5353.834089938076,2023,2,16,3,7,-302,0.1350822583310822,2582.951268592836,1,2023-02,2023-02
1709,10065,310,Laptop,Accessories,5,79.71014728630556,0.2143379051657345,UPI,UK,London,32,Male,2023-02-07,2023-09-13,23.353701151591103,5,No,1,Mobile,313.12620648253335,40.148904196020155,336.47990763412446,2023,9,13,2,37,218,0.12821955928578505,2011.5480343546503,0,2023-02,2023-09
2479,10074,213,Tablet,Accessories,6,700.1370658236272,0.1333882973741714,UPI,USA,Toronto,27,Male,2023-12-23,2023-06-23,36.72655350184998,5,Yes,4,Mobile,3640.481848109192,455.7140444736846,3677.208401611042,2023,6,23,4,25,-183,0.12517959530834502,2324.374232591874,1,2023-01,2023-06
2434,10003,430,Headphones,Electronics,8,199.0961426676872,0.008124340101015315,Cash,USA,New York,32,Female,2023-08-28,2023-04-13,15.209173234917236,5,No,1,Desktop,1579.828943134837,301.0479810566797,1595.038116369754,2023,4,13,3,15,-137,0.19055732733906847,2978.079068592042,0,2023-01,2023-04
1648,10078,283,Laptop,Electronics,8,332.66417284559503,0.134780447539691,Cash,India,Mumbai,59,Female,2023-11-14,2023-05-01,40.78791701587502,2,No,2,Mobile,2302.620373992357,467.65524836739235,2343.408291008232,2023,5,1,0,18,-197,0.20309698187745845,1865.6333509340384,0,2023-02,2023-05
1317,10133,329,Headphones,Accessories,3,427.20378180082463,0.08893346632324593,UPI,Canada,Mumbai,46,Female,2023-05-01,2023-12-16,33.38508798972194,5,Yes,3,Mobile,1167.633205976633,147.91215336226242,1201.018293966355,2023,12,16,5,50,229,0.12667689870856796,2787.05203601584,0,2023-02,2023-12
4748,10117,430,Tablet,Accessories,7,909.8547875874747,0.2788948823103985,UPI,India,Mumbai,40,Female,2023-02-17,2023-05-25,31.440279746740924,3,No,4,Desktop,4592.706605785993,1358.8861085930703,4624.146885532734,2023,5,25,3,21,97,0.2958791460532479,2545.8154826268365,1,2023-02,2023-05
4296,10112,344,Headphones,Electronics,1,257.7267007523486,0.037384015703498204,UPI,UK,New York,34,Female,2023-01-10,2023-02-11,20.90969843919517,4,Yes,2,Desktop,248.09184172421203,37.59910689348596,269.0015401634072,2023,2,11,5,6,32,0.15155317737244461,1834.7712572933065,0,2023-02,2023-02
4890,10093,227,Monitor,Accessories,1,109.48262649377682,0.19574278665216963,Card,UK,Toronto,26,Female,2023-08-21,2023-01-29,26.710316167150292,2,Yes,4,Desktop,88.05219209388629,16.885616364452705,114.76250826103659,2023,1,29,6,4,-204,0.19176826792055665,487.62407279606,0,2023-01,2023-01
2257,10178,265,Monitor,Accessories,7,332.31581191071314,0.015815929900350346,UPI,UK,Mumbai,53,Female,2023-02-05,2023-09-30,31.88071854400339,4,No,4,Desktop,2289.4194982732874,327.96829823867796,2321.3002168172907,2023,9,30,5,39,237,0.1432539115203816,2488.30654450706,0,2023-01,2023-09
1683,10061,362,Headphones,Accessories,9,122.58245112482268,0.13385113134380894,Card,India,Mumbai,26,Male,2023-01-04,2023-01-14,26.26079512617007,9,No,1,Mobile,955.571862229812,189.9529026449207,981.8326573559821,2023,1,14,5,2,10,0.19878452908990912,1593.0100285361386,0,2023-01,2023-01
1663,10184,428,Laptop,Electronics,7,146.02455624134146,0.16619384616602417,UPI,India,Mumbai,33,Male,2023-02-13,2023-11-02,36.42409957732521,8,Yes,2,Mobile,852.2932152343421,214.09888229138005,888.7173148116674,2023,11,2,3,44,262,0.2512033164930364,2930.004441825764,0,2023-04,2023-11
2998,10193,460,Laptop,Accessories,5,582.3735860155261,0.08938647939505963,Card,USA,London,53,Female,2023-02-25,2023-11-09,24.51636198981318,3,No,4,Desktop,2651.5863073446117,541.5080239010571,2676.1026693344247,2023,11,9,3,45,257,0.20422040285889903,2296.9305727415153,0,2023-01,2023-11
4898,10078,363,Laptop,Electronics,8,79.68389443750345,0.13652269065611533,UPI,Canada,New York,50,Female,2023-02-11,2023-07-08,14.102293178391365,1,Yes,1,Mobile,550.4418781355009,86.49080799061633,564.5441713138923,2023,7,8,5,27,147,0.15712977414361104,1865.6333509340384,0,2023-02,2023-07
4445,10135,486,Headphones,Accessories,2,50.31226376569471,0.04906613835905621,UPI,India,New York,48,Female,2023-09-12,2023-12-26,14.627020226047126,1,Yes,3,Desktop,95.6872705412196,14.32240575441112,110.31429076726673,2023,12,26,1,52,105,0.1496793217467876,2360.615935652116,0,2023-04,2023-12
4743,10025,209,Laptop,Electronics,9,720.1258194410879,0.09123715484041085,UPI,USA,New York,23,Male,2023-08-16,2023-10-22,5.26116959793235,6,No,4,Desktop,5889.812296933472,1482.9774693657478,5895.073466531404,2023,10,22,6,42,67,0.2517868812454107,2462.8187650520977,1,2023-03,2023-10
2631,10178,394,Tablet,Accessories,6,374.41415294422364,0.1863318974730609,Cash,India,New York,27,Male,2023-04-24,2023-07-02,18.54309720014026,3,Yes,2,Mobile,1827.8931203121458,226.01466162487364,1846.436217512286,2023,7,2,6,26,69,0.12364763514525266,2488.30654450706,0,2023-01,2023-07
2495,10172,317,Monitor,Electronics,9,142.8678422491958,0.09054001675834653,Cash,USA,New York,33,Female,2023-08-25,2023-12-18,38.70129382153338,4,No,3,Mobile,1169.3932687595232,203.46659252090862,1208.0945625810566,2023,12,18,0,51,115,0.1739932988811739,1182.235004958257,0,2023-02,2023-12
4304,10043,469,Tablet,Electronics,2,268.5405154425141,0.2699229235226615,UPI,USA,London,21,Male,2023-06-23,2023-02-05,40.73732189769243,1,No,4,Desktop,392.1105488599766,51.09064911998871,432.847870757669,2023,2,5,6,5,-138,0.13029654333077706,3421.85869647047,0,2023-01,2023-02
4763,10132,279,Laptop,Electronics,3,649.244777205351,0.1885220872922969,Card,Canada,Toronto,39,Male,2023-09-12,2023-02-06,14.11103939430875,8,Yes,4,Mobile,1580.543389928928,239.60273734345816,1594.6544293232369,2023,2,6,0,6,-218,0.15159516585889637,1353.1466186924708,0,2023-01,2023-02
2136,10069,292,Tablet,Accessories,8,290.02583579803417,0.13159470553079533,Card,India,London,30,Male,2023-10-04,2023-01-14,48.15697985921335,1,Yes,2,Desktop,2014.8797707189524,263.015648364277,2063.0367505781655,2023,1,14,5,2,-263,0.13053664649699043,2374.1159748849523,0,2023-01,2023-01
2853,10153,465,Laptop,Accessories,1,504.63070261799976,0.01162708066625474,UPI,USA,Mumbai,33,Female,2023-12-01,2023-05-03,27.6081257066057,5,No,4,Desktop,498.7633207319915,138.33425229209092,526.3714464385972,2023,5,3,2,18,-212,0.2773545017084853,1189.003784159761,0,2023-01,2023-05
2520,10117,456,Headphones,Accessories,7,139.26140059213884,0.14986450056140135,Cash,UK,London,46,Male,2023-03-10,2023-03-24,46.26404370583262,6,No,2,Desktop,828.737422414417,204.1850221103114,875.0014661202496,2023,3,24,4,12,14,0.24638083980260636,2545.8154826268365,0,2023-02,2023-03
3489,10067,332,Tablet,Electronics,7,596.3317648533381,0.22943287263752676,Card,UK,New York,23,Male,2023-11-22,2023-06-08,36.8044376837734,2,No,2,Desktop,3216.595584986214,682.5147791235107,3253.4000226699873,2023,6,8,3,23,-167,0.21218544920885227,2512.0019646026153,1,2023-04,2023-06
1563,10018,475,Headphones,Accessories,1,329.7561301663988,0.07966727940372409,Cash,UK,London,43,Female,2023-08-18,2023-11-25,37.509504036008586,7,Yes,2,Mobile,303.4853564093415,43.97048936819467,340.99486044535007,2023,11,25,5,47,99,0.1448850444991066,795.1863030287055,0,2023-10,2023-11
2291,10019,463,Headphones,Electronics,9,634.4290658381422,0.2420320708946302,Card,Canada,New York,28,Female,2023-03-08,2023-04-12,8.826962958773201,7,No,2,Desktop,4327.891966778318,874.4305140118688,4336.7189297370915,2023,4,12,2,15,35,0.20204536543983898,3563.0931788923244,1,2023-04,2023-04
4581,10112,370,Phone,Accessories,8,812.2269846579425,0.07554202981526444,UPI,USA,London,41,Male,2023-10-31,2023-12-03,14.89960071036188,1,Yes,4,Desktop,6006.957676529199,1226.4203731852322,6021.85727723956,2023,12,3,6,48,33,0.20416664128951448,1834.7712572933065,1,2023-02,2023-12
4878,10139,200,Laptop,Electronics,4,619.4134910021926,0.24712391638524012,Cash,Canada,New York,46,Female,2023-02-05,2023-03-24,5.396667498251269,4,Yes,3,Desktop,1865.3664129755082,406.80049728363144,1870.7630804737594,2023,3,24,4,12,47,0.21808074513078124,2457.0349948692847,0,2023-01,2023-03
4457,10046,263,Monitor,Electronics,5,309.8326113431203,0.025580502483503218,Card,India,Mumbai,20,Male,2023-06-08,2023-02-13,37.225743821453186,4,Yes,3,Mobile,1509.5346872959367,169.0935945334623,1546.7604311173898,2023,2,13,0,7,-115,0.11201703144454629,1682.2816480615243,0,2023-01,2023-02
4458,10000,483,Laptop,Electronics,2,270.6288275173344,0.2598551126607088,UPI,India,New York,27,Male,2023-05-29,2023-03-09,20.49972297928295,5,No,1,Desktop,400.6090861071639,118.01158252131053,421.10880908644685,2023,3,9,3,10,-81,0.29458039423934124,2280.6253023992795,0,2023-01,2023-03
4184,10089,320,Monitor,Accessories,9,340.87253955877907,0.14975593527999914,UPI,USA,London,18,Female,2023-01-27,2023-02-17,40.39936322343561,1,Yes,2,Desktop,2608.4236822729704,503.6547749406241,2648.823045496406,2023,2,17,4,7,21,0.1930877941200646,2664.1859989506265,0,2023-01,2023-02
2636,10141,306,Laptop,Accessories,6,181.32810297177474,0.08896127688607859,UPI,UK,Mumbai,60,Female,2023-03-13,2023-02-26,20.25212989716618,1,No,4,Mobile,991.1815403764518,282.79039224950037,1011.433670273618,2023,2,26,6,8,-15,0.28530635481982064,1303.3204510999954,0,2023-02,2023-02
4696,10063,374,Headphones,Accessories,3,197.54841383301968,0.07953397512454463,Cash,USA,London,43,Male,2023-09-05,2023-03-16,41.87001885344875,7,Yes,4,Desktop,545.5098096039931,55.62106551843838,587.3798284574418,2023,3,16,3,11,-173,0.10196162294279527,2592.0199788767322,0,2023-03,2023-03
3999,10037,403,Tablet,Electronics,7,794.8772798621645,0.1296031676791088,Cash,USA,Mumbai,29,Female,2023-04-11,2023-01-22,10.881421418674085,9,No,1,Desktop,4843.010665331121,724.0866566039247,4853.892086749795,2023,1,22,6,3,-79,0.1495116791270618,2866.9756595223207,1,2023-01,2023-01
4152,10036,364,Tablet,Electronics,9,397.0379249772961,0.2997148494310935,UPI,USA,Toronto,31,Female,2023-07-09,2023-05-12,12.80179205408787,1,No,3,Desktop,2502.357867668628,302.2826134821151,2515.159659722716,2023,5,12,4,19,-58,0.12079911406266713,1963.309426583294,0,2023-01,2023-05
1698,10125,319,Phone,Accessories,3,447.2752769591741,0.06609821803127476,Cash,Canada,Toronto,42,Male,2023-04-06,2023-10-29,20.339444281277142,2,Yes,4,Desktop,1253.1335345481834,318.1997215696276,1273.4729788294605,2023,10,29,6,43,206,0.2539232354709543,2984.8161793496265,0,2023-01,2023-10
3160,10138,243,Monitor,Accessories,2,602.168476255475,0.030964994663699882,Card,India,Toronto,25,Male,2023-10-09,2023-09-24,23.381932499702298,6,No,1,Mobile,1167.044665203152,191.42451278579563,1190.4265977028542,2023,9,24,6,38,-15,0.16402500991894226,888.4924876191926,0,2023-09,2023-09
1001,10099,355,Monitor,Accessories,7,597.8604252485167,0.17551055061559856,UPI,USA,London,60,Male,2023-11-18,2023-10-14,20.691626487934027,6,Yes,3,Mobile,3450.5072897531154,925.0758344295949,3471.1989162410496,2023,10,14,5,41,-35,0.2680985016831494,2893.0716030430726,1,2023-07,2023-10
1641,10076,406,Monitor,Electronics,7,86.02933409148721,0.14656273993207714,UPI,USA,London,21,Male,2023-10-05,2023-04-30,39.364116463544896,2,Yes,4,Mobile,513.9444742075475,136.95441924493338,553.3085906710924,2023,4,30,6,17,-158,0.2664770731431714,1458.6306000126456,0,2023-04,2023-04
3267,10002,307,Headphones,Electronics,4,834.9099706109123,0.1572588813189922,Cash,USA,Mumbai,45,Male,2023-01-17,2023-09-03,9.362812668202162,9,Yes,2,Desktop,2814.45185052227,657.3404431289442,2823.814663190472,2023,9,3,6,35,229,0.23355895856131395,1889.2530815769592,0,2023-01,2023-09
2589,10160,450,Monitor,Electronics,9,193.78002215946063,0.2000806252671651,UPI,Canada,Mumbai,24,Male,2023-09-20,2023-02-25,20.80476588373196,4,Yes,1,Mobile,1395.0755474535958,325.27073755811085,1415.8803133373278,2023,2,25,5,8,-207,0.23315636070879545,2873.529270375876,0,2023-01,2023-02
1854,10133,329,Tablet,Electronics,8,728.6102033286754,0.08014322096119479,Card,Canada,Mumbai,27,Female,2023-04-17,2023-02-07,42.67579997819567,7,Yes,4,Mobile,5361.736278469795,1286.9879521891332,5404.412078447991,2023,2,7,1,6,-69,0.240031938414627,2787.05203601584,1,2023-02,2023-02
2759,10177,492,Headphones,Electronics,1,777.2175683656033,0.2731994986151665,Cash,Canada,Mumbai,53,Female,2023-03-09,2023-09-02,8.00586847679774,6,Yes,1,Desktop,564.8821183732216,132.60764027510857,572.8879868500194,2023,9,2,5,35,177,0.23475276692595493,2551.775995472861,0,2023-04,2023-09
4296,10009,219,Laptop,Accessories,1,720.6015434094874,0.1307016198366871,Cash,USA,New York,19,Male,2023-05-08,2023-01-21,47.40545784521108,3,Yes,1,Mobile,626.4177544290507,111.11502836099744,673.8232122742618,2023,1,21,5,3,-107,0.17738167153686982,2573.649059315093,0,2023-01,2023-01
3432,10004,481,Monitor,Electronics,5,587.3980936230623,0.03872585854273853,UPI,UK,Toronto,43,Female,2023-10-20,2023-04-20,49.38425790224058,8,No,1,Mobile,2823.2529907057065,667.8843370035067,2872.637248607947,2023,4,20,3,16,-183,0.2365655289137092,1850.9581124109795,0,2023-01,2023-04
4474,10150,484,Monitor,Electronics,6,34.316817166705206,0.22268962702018327,UPI,UK,New York,31,Female,2023-10-21,2023-04-04,8.985567822128605,7,Yes,2,Mobile,160.04890770799082,44.73069180855419,169.03447553011944,2023,4,4,1,14,-200,0.2794813938384717,1289.8743922165188,0,2023-01,2023-04
2661,10137,200,Laptop,Electronics,3,373.1679825159073,0.19293130578535508,UPI,UK,New York,33,Male,2023-04-06,2023-05-16,18.107263501508164,9,Yes,3,Desktop,903.5165891154803,150.44879231366642,921.6238526169885,2023,5,16,1,20,40,0.16651469837532473,2252.4829379335433,0,2023-05,2023-05
2153,10171,318,Monitor,Electronics,9,612.7426407753295,0.09472302074521112,Cash,India,New York,60,Female,2023-01-01,2023-08-19,21.75802997159103,3,No,3,Desktop,4992.316262115232,1442.668596504951,5014.074292086823,2023,8,19,5,33,230,0.2889778052429907,2823.34545610378,1,2023-05,2023-08
2076,10129,234,Laptop,Electronics,6,399.7022700040879,0.18645561721021456,UPI,USA,New York,59,Female,2023-10-25,2023-01-08,39.93761158937267,1,No,4,Mobile,1951.0532193009112,200.40500208871373,1990.9908308902839,2023,1,8,6,1,-290,0.10271631757975395,2377.7899734063253,0,2023-01,2023-01
2707,10012,397,Headphones,Accessories,4,866.2102970145568,0.06595858691069306,Card,UK,Toronto,34,Male,2023-06-29,2023-11-24,31.816706545253023,2,Yes,2,Mobile,3236.305159423939,549.5780398729122,3268.121865969192,2023,11,24,4,47,148,0.16981650765304743,2381.769894872753,1,2023-02,2023-11
3777,10167,444,Tablet,Electronics,7,322.62622984262305,0.13345180780215884,UPI,UK,New York,63,Female,2023-06-30,2023-10-17,33.99645652216553,1,Yes,3,Desktop,1956.9982335801112,247.40309112639125,1990.9946901022768,2023,10,17,1,42,109,0.12641968034574805,2905.529530566239,0,2023-03,2023-10
2695,10129,258,Laptop,Electronics,8,307.6640966094872,0.2698237566501976,UPI,UK,Mumbai,39,Female,2023-08-23,2023-09-08,39.08794202683277,5,Yes,4,Desktop,1797.1921142074086,225.2312430731422,1836.2800562342413,2023,9,8,4,36,16,0.12532396580900473,2377.7899734063253,0,2023-01,2023-09
2733,10083,360,Phone,Electronics,9,280.67773923080483,0.04006026994822482,Cash,USA,London,21,Male,2023-11-15,2023-12-27,10.309054974666157,2,No,4,Desktop,2424.9034190588523,637.9578955119016,2435.2124740335184,2023,12,27,2,52,42,0.26308589880231364,2613.2802426810276,0,2023-02,2023-12
2439,10064,378,Laptop,Accessories,6,346.1252515815796,0.1160089349962386,UPI,UK,Mumbai,36,Female,2023-12-03,2023-03-28,42.49442556096181,3,Yes,1,Desktop,1835.829778621773,520.776557854371,1878.3242041827348,2023,3,28,1,13,-250,0.2836736629500246,2380.062639211501,0,2023-01,2023-03
3294,10062,405,Monitor,Accessories,6,566.2568650279035,0.24634272741610416,Cash,UK,London,19,Female,2023-01-08,2023-07-23,36.75289118810648,8,No,2,Mobile,2560.5816268730214,654.360861874866,2597.3345180611277,2023,7,23,6,29,196,0.25555165084659714,2209.032053150145,0,2023-01,2023-07
1835,10100,211,Headphones,Accessories,8,712.874988387139,0.29084726982185344,UPI,USA,Mumbai,56,Female,2023-01-27,2023-08-07,30.980377633836664,5,Yes,3,Desktop,4044.2979543236333,1194.3747863287463,4075.27833195747,2023,8,7,0,32,192,0.295323143798512,1897.4383223307564,1,2023-02,2023-08
4510,10072,475,Headphones,Electronics,5,669.3165593840093,0.13617784092653876,Card,India,Mumbai,26,Male,2023-11-04,2023-08-29,45.03809006523755,4,Yes,2,Mobile,2890.8523771535774,414.1602612458276,2935.890467218815,2023,8,29,1,35,-67,0.14326579403325415,3274.2724532220573,0,2023-02,2023-08
1202,10016,380,Laptop,Accessories,3,811.56346358185,0.15209988604300423,Card,Canada,London,36,Male,2023-05-26,2023-11-16,36.51378592477132,5,No,2,Desktop,2064.374259763154,264.5701688848348,2100.888045687925,2023,11,16,3,46,174,0.1281599824419381,1906.2916662647992,0,2023-04,2023-11
4255,10008,441,Tablet,Electronics,3,888.1957155874763,0.1716515885351309,Cash,UK,Toronto,33,Female,2023-04-01,2023-09-15,14.076498318396144,6,Yes,3,Desktop,2207.2065302303663,450.5808106297335,2221.2830285487626,2023,9,15,4,37,167,0.2041407564079227,2251.923932231075,0,2023-04,2023-09
1122,10142,415,Phone,Electronics,6,819.7574614964842,0.2797044424901132,Cash,Canada,New York,42,Female,2023-12-08,2023-04-19,24.338542148405004,7,Yes,3,Desktop,3542.805946508998,941.7044729288565,3567.144488657403,2023,4,19,2,16,-233,0.2658075229485236,3408.1393042882946,1,2023-01,2023-04
1400,10151,450,Headphones,Accessories,2,38.56649530686748,0.2574620372931089,UPI,India,Mumbai,35,Male,2023-09-29,2023-09-13,27.231929012107997,9,Yes,2,Desktop,57.27417370781251,6.183767572585322,84.5061027199205,2023,9,13,2,37,-16,0.10796781816761195,1554.3242325916247,0,2023-01,2023-09
1766,10037,498,Monitor,Electronics,6,741.1995944809489,0.0511803373864933,UPI,India,Toronto,40,Male,2023-11-18,2023-10-09,7.484793203768254,1,No,4,Mobile,4219.588494988092,1262.1343313308726,4227.07328819186,2023,10,9,0,41,-40,0.2991131321999764,2866.9756595223207,1,2023-01,2023-10
1293,10162,325,Monitor,Electronics,6,224.23158214596498,0.1310273453541225,Card,UK,New York,38,Female,2023-01-05,2023-08-08,47.95868810120251,4,Yes,2,Mobile,1169.106679156946,257.7286155814994,1217.0653672581486,2023,8,8,1,32,215,0.22044918584106454,1201.5628455087915,0,2023-08,2023-08
3327,10093,416,Tablet,Electronics,8,150.26948185382298,0.13920012845892787,UPI,USA,Toronto,28,Male,2023-03-23,2023-03-24,10.785976735859531,9,Yes,3,Mobile,1034.8156054105143,306.08641334787904,1045.6015821463739,2023,3,24,4,12,1,0.2957883624362755,487.62407279606,0,2023-01,2023-03
4908,10094,484,Headphones,Accessories,7,645.7190091031528,0.236728833494627,Card,India,Toronto,56,Female,2023-08-07,2023-04-17,36.38575702520271,5,No,2,Desktop,3450.010909189999,596.9082143992864,3486.3966662152015,2023,4,17,0,16,-112,0.1730163266467554,2966.7977249220617,1,2023-01,2023-04
3931,10048,384,Laptop,Electronics,8,333.348331499541,0.18086786478163058,Cash,Canada,New York,58,Female,2023-04-28,2023-03-10,27.780396624089608,8,No,3,Mobile,2184.450644421599,418.55115042716824,2212.2310410456885,2023,3,10,4,10,-49,0.19160476410671784,1617.7395766141738,0,2023-01,2023-03
4681,10068,238,Monitor,Electronics,9,75.97482010303439,0.19626613860870387,UPI,Canada,Mumbai,21,Male,2023-03-22,2023-04-07,6.153451244799016,1,Yes,4,Desktop,549.5718197692881,137.65251138144507,555.7252710140872,2023,4,7,4,14,16,0.25047228847947844,1469.9822251149546,0,2023-03,2023-04
1197,10061,422,Tablet,Accessories,6,154.87713971039412,0.2994599722996853,Cash,Canada,Toronto,42,Male,2023-03-11,2023-07-31,46.61363641389627,4,Yes,2,Desktop,650.98581445719,168.30593113156732,697.5994508710863,2023,7,31,0,31,142,0.25854009011226375,1593.0100285361386,0,2023-01,2023-07
4029,10187,383,Headphones,Electronics,3,20.910828532561844,0.022488013041003917,UPI,Canada,Mumbai,49,Female,2023-04-25,2023-10-13,43.332656396851995,9,No,4,Mobile,61.32175664347019,8.990174901832665,104.65441304032218,2023,10,13,4,41,171,0.14660661067004804,1079.367572384611,0,2023-07,2023-10
2930,10177,377,Headphones,Electronics,3,905.1591547978131,0.0669029470601199,Card,India,Mumbai,47,Female,2023-09-20,2023-08-25,28.591606755672597,1,Yes,2,Desktop,2533.8040193501765,724.5671478715512,2562.3956261058493,2023,8,25,4,34,-26,0.2859602172615445,2551.775995472861,0,2023-04,2023-08
4582,10077,493,Headphones,Accessories,1,44.12562416441382,0.12236878121146405,Cash,UK,Mumbai,62,Male,2023-11-02,2023-01-08,15.302405126275037,1,Yes,2,Desktop,38.72602531521938,10.590972486557602,54.02843044149442,2023,1,8,6,1,-298,0.2734846243669457,1454.8342602132786,0,2023-01,2023-01
3799,10116,350,Headphones,Electronics,5,225.26665411932083,0.10433472091466615,Cash,UK,New York,43,Female,2023-05-22,2023-10-21,10.473030080604241,4,No,3,Mobile,1008.8176031520043,104.55492636344533,1019.2906332326085,2023,10,21,5,42,152,0.10364106062063971,1636.8606134560243,0,2023-02,2023-10
3191,10119,325,Headphones,Electronics,4,427.9375250741492,0.006493668404095076,UPI,Canada,London,53,Male,2023-07-26,2023-07-08,21.352661574445698,3,Yes,1,Desktop,1700.6345627545943,213.7929291725026,1721.98722432904,2023,7,8,5,27,-18,0.12571362117103663,2886.0770398521227,0,2023-01,2023-07
1608,10136,433,Monitor,Electronics,9,369.4398994318027,0.02753328194135275,Cash,UK,Mumbai,51,Male,2023-04-21,2023-03-22,16.494272647074073,7,Yes,3,Desktop,3233.412058683257,644.1584790952221,3249.906331330331,2023,3,22,2,12,-30,0.19921942128141346,1515.5427018591542,1,2023-02,2023-03
4272,10161,207,Tablet,Electronics,9,913.4913593745202,0.20428598742107285,Card,Canada,London,26,Male,2023-10-30,2023-04-18,27.80110404528344,3,No,2,Mobile,6541.900875216705,1257.2951437642696,6569.7019792619885,2023,4,18,1,16,-195,0.19219110282263652,4026.724557980556,1,2023-03,2023-04
2147,10075,328,Headphones,Electronics,5,59.48316681985127,0.2637973390087682,Cash,Canada,London,29,Male,2023-04-22,2023-11-17,48.488418325554306,1,Yes,1,Mobile,218.95832848479927,52.91744835494899,267.4467468103536,2023,11,17,4,46,209,0.2416781710069671,1198.862477460134,0,2023-07,2023-11
1186,10034,463,Phone,Accessories,4,521.9704135235106,0.15426810337979327,Cash,USA,Toronto,19,Male,2023-02-12,2023-03-08,30.872907195333863,2,Yes,1,Desktop,1765.788111235489,208.2610673789536,1796.6610184308229,2023,3,8,2,10,24,0.1179422752106068,2765.930124409759,0,2023-02,2023-03
4397,10000,356,Phone,Accessories,7,686.8698732738865,0.1617573238540899,UPI,India,Mumbai,55,Female,2023-12-13,2023-06-23,45.046897515054404,4,Yes,4,Mobile,4030.345485159733,922.8324833015851,4075.3923826747873,2023,6,23,4,25,-173,0.2289710613394253,2280.6253023992795,1,2023-01,2023-06
3511,10039,204,Tablet,Accessories,6,933.0640142075454,0.07652802984971381,Cash,India,Mumbai,22,Male,2023-10-12,2023-12-12,34.28954768730998,1,No,2,Desktop,5169.950780859459,1154.3155194394508,5204.240328546769,2023,12,12,1,50,61,0.22327398622691644,2449.0567001257323,1,2023-02,2023-12
4420,10063,285,Laptop,Accessories,4,627.9638270812466,0.2303629090901134,UPI,Canada,Mumbai,22,Male,2023-05-08,2023-12-17,26.38609369642402,1,Yes,3,Mobile,1933.2170122857988,283.6491776648065,1959.6031059822228,2023,12,17,6,50,223,0.14672391969560888,2592.0199788767322,0,2023-03,2023-12
2794,10149,374,Laptop,Electronics,2,807.6801312915275,0.2255383762101769,UPI,India,London,39,Male,2023-07-04,2023-11-24,43.45734032300171,8,No,1,Desktop,1251.0345319656278,260.8141690424625,1294.4918722886296,2023,11,24,4,47,143,0.20847879285367987,2853.116082772503,0,2023-02,2023-11
1659,10059,489,Laptop,Electronics,1,102.05043908844144,0.17650970676529698,Cash,UK,New York,22,Male,2023-08-17,2023-02-12,26.211564957784887,7,No,1,Mobile,84.03754600967083,12.138504277288142,110.24911096745572,2023,2,12,6,6,-186,0.1444414413991964,937.8123258757751,0,2023-01,2023-02
3811,10063,392,Phone,Electronics,4,398.22072071818883,0.06379928595340285,Card,Canada,London,21,Male,2023-08-09,2023-07-06,44.088267672966246,8,Yes,3,Mobile,1491.2580923380756,192.94583985672466,1535.3463600110417,2023,7,6,3,27,-34,0.12938460542012126,2592.0199788767322,0,2023-03,2023-07
4002,10092,318,Laptop,Electronics,4,386.4681917894861,0.029105465471126832,UPI,USA,Mumbai,26,Male,2023-12-18,2023-10-29,18.120954630909438,4,No,3,Desktop,1500.8794207106737,322.1292278135976,1519.000375341583,2023,10,29,6,43,-50,0.21462698693081408,1788.6058440859722,0,2023-01,2023-10
2955,10071,417,Monitor,Electronics,1,888.5624521266033,0.019271572757137766,Cash,UK,Mumbai,46,Male,2023-04-27,2023-07-19,10.796588319334465,6,Yes,1,Mobile,871.4384561811847,257.50558082593176,882.2350445005192,2023,7,19,2,29,83,0.295494855660114,1363.075695726296,0,2023-01,2023-07
3450,10010,313,Headphones,Accessories,6,168.34374783800942,0.17780881999286333,UPI,USA,Mumbai,39,Female,2023-03-11,2023-02-08,43.48915089633223,3,Yes,3,Mobile,830.4644680905409,122.39939236761882,873.9536189868732,2023,2,8,2,6,-31,0.147386669834349,2494.194147085926,0,2023-02,2023-02
2369,10104,344,Phone,Accessories,4,168.84844888989767,0.24751059574284,Card,USA,London,44,Female,2023-03-11,2023-08-08,31.433682370670006,8,Yes,4,Desktop,508.22667485961847,86.94092941479977,539.6603572302885,2023,8,8,1,32,150,0.17106722987103037,4169.8114415774935,0,2023-01,2023-08
2986,10013,225,Tablet,Electronics,1,341.98698688808247,0.25749912953427745,Card,India,Mumbai,27,Female,2023-04-20,2023-11-03,45.009157921203204,4,No,1,Mobile,253.9256354523509,38.42266743515154,298.9347933735541,2023,11,3,4,44,197,0.15131464519800936,1570.3190183676347,0,2023-01,2023-11
2534,10059,335,Tablet,Electronics,1,73.37672641950083,0.13908662230303495,UPI,India,Toronto,33,Female,2023-05-12,2023-01-04,47.202224314657244,3,Yes,4,Mobile,63.17100538615859,9.683607504300975,110.37322970081584,2023,1,4,2,1,-128,0.15329196432929895,937.8123258757751,0,2023-01,2023-01
1146,10029,431,Headphones,Electronics,1,198.80887983944024,0.23528138979201507,Card,Canada,Mumbai,59,Male,2023-02-25,2023-05-01,7.413277566715212,4,Yes,2,Mobile,152.032850287823,27.49338147364616,159.44612785453822,2023,5,1,0,18,65,0.18083842683733614,1701.256007043947,0,2023-04,2023-05
4219,10034,275,Phone,Accessories,8,965.9054457748205,0.28406405890230707,Cash,India,New York,59,Female,2023-03-30,2023-12-02,27.543618583649074,6,Yes,4,Desktop,5532.211394657461,1329.7837501506444,5559.75501324111,2023,12,2,5,48,247,0.24037110213012403,2765.930124409759,1,2023-02,2023-12
3911,10164,488,Laptop,Electronics,8,439.6202610698294,0.0825510337464204,Cash,USA,Toronto,27,Male,2023-05-17,2023-03-18,21.873404708353817,7,No,3,Mobile,3226.63323250115,347.70491661204244,3248.506637209504,2023,3,18,5,11,-60,0.10776090480618904,3568.7536886548314,1,2023-03,2023-03
2734,10004,200,Laptop,Electronics,2,639.3788242539877,0.11938810391422715,UPI,USA,Mumbai,23,Female,2023-05-11,2023-06-28,33.163627868155274,7,No,1,Desktop,1126.0891974867925,328.1703632316281,1159.2528253549478,2023,6,28,2,26,48,0.29142483913711204,1850.9581124109795,0,2023-01,2023-06
2843,10082,346,Monitor,Electronics,7,731.5890341577442,0.2794436977790042,Card,UK,Toronto,22,Female,2023-08-06,2023-05-13,40.71160387410456,4,Yes,4,Desktop,3690.0576243869373,403.160846871695,3730.769228261042,2023,5,13,5,19,-85,0.10925597589784951,2007.2577559731105,1,2023-05,2023-05
1488,10122,486,Monitor,Accessories,8,379.62217886705645,0.10146929019518545,Cash,USA,Mumbai,23,Male,2023-06-25,2023-11-07,17.6265597188466,8,Yes,3,Mobile,2728.817486680532,753.8375672846881,2746.4440463993787,2023,11,7,1,45,135,0.2762506363889119,1844.5432604749508,0,2023-01,2023-11
3976,10077,341,Laptop,Electronics,8,164.28253292230661,0.27416288709653885,Cash,Canada,New York,64,Male,2023-06-20,2023-08-17,30.055927296792724,7,Yes,3,Desktop,953.9388751743586,266.03029502015636,983.9948024711513,2023,8,17,3,33,58,0.2788756197523998,1454.8342602132786,0,2023-01,2023-08
2959,10153,252,Tablet,Accessories,7,222.4493958973452,0.29431345867633973,Cash,Canada,Mumbai,42,Female,2023-04-10,2023-10-03,36.89278609572048,2,Yes,4,Desktop,1098.856813672346,225.15338486371834,1135.7495997680667,2023,10,3,1,40,176,0.20489783751830465,1189.003784159761,0,2023-01,2023-10
2663,10061,268,Tablet,Accessories,5,327.0011470489981,0.1985432185723274,UPI,India,Toronto,21,Female,2023-05-09,2023-06-01,11.04939872760803,8,No,1,Desktop,1310.3864341852357,166.94240056826249,1321.4358329128436,2023,6,1,3,22,23,0.12739936572379348,1593.0100285361386,0,2023-01,2023-06
3598,10131,289,Monitor,Accessories,1,643.3470519451812,0.24506708685125048,UPI,India,New York,57,Female,2023-02-26,2023-06-13,41.63301076780701,9,No,4,Desktop,485.68386409063555,103.46484216013336,527.3168748584426,2023,6,13,1,24,107,0.21302919411138876,1335.2107150045072,0,2023-03,2023-06
3385,10088,419,Headphones,Accessories,9,410.31493810727335,0.22486366926632556,Cash,India,London,49,Female,2023-06-30,2023-10-17,32.27493199338379,5,No,2,Mobile,2862.4501401271796,646.1306568531907,2894.7250721205633,2023,10,17,1,42,109,0.22572643198056994,2308.902419909479,0,2023-02,2023-10
3919,10041,391,Laptop,Accessories,7,26.678403942125556,0.20986027728465714,Cash,Canada,New York,52,Male,2023-09-03,2023-04-19,47.72918467011433,4,No,4,Mobile,147.55766685323297,40.06954879261891,195.2868515233473,2023,4,19,2,16,-137,0.2715517915614223,1007.1777894410704,0,2023-01,2023-04
1640,10088,262,Monitor,Accessories,2,532.9390413661224,0.09207932189436976,Card,USA,New York,27,Female,2023-05-24,2023-05-06,20.278801360881197,4,No,4,Mobile,967.7327516521888,203.39717473840932,988.0115530130699,2023,5,6,5,18,-18,0.21017907515391393,2308.902419909479,0,2023-02,2023-05
2802,10145,272,Monitor,Electronics,6,923.0831240692695,0.017128301372383112,Card,India,New York,51,Female,2023-02-20,2023-08-28,9.866567405173939,4,No,1,Desktop,5443.633668770701,991.5136660010476,5453.500236175874,2023,8,28,0,35,189,0.18214187918066765,1709.9869196229188,1,2023-01,2023-08
3520,10039,360,Laptop,Electronics,2,815.8360587885054,0.10291551975589518,Card,UK,Toronto,53,Female,2023-08-06,2023-11-06,27.79255404666164,6,No,4,Desktop,1463.7477335253707,391.78414036018427,1491.5402875720324,2023,11,6,0,45,92,0.26765823877082273,2449.0567001257323,0,2023-02,2023-11
2969,10071,368,Laptop,Electronics,1,828.7071438344384,0.20008079556117198,UPI,India,New York,23,Female,2023-04-14,2023-12-11,8.861484726924749,4,Yes,3,Mobile,662.8987592088174,196.3442217826238,671.7602439357422,2023,12,11,0,50,241,0.29619035947052375,1363.075695726296,0,2023-01,2023-12
3198,10038,288,Tablet,Accessories,7,799.1568572540085,0.03075875946834041,Cash,Canada,Mumbai,60,Female,2023-02-24,2023-05-26,48.628693549580305,7,Yes,1,Desktop,5422.030485929804,1241.756897580449,5470.659179479384,2023,5,26,4,21,91,0.22902064103158667,2785.658409818378,1,2023-01,2023-05
2438,10103,375,Headphones,Electronics,2,337.2562090982152,0.0035753948934726274,UPI,India,New York,63,Male,2023-09-14,2023-09-09,6.740823121573619,7,Yes,3,Mobile,672.100769940827,184.74531719358208,678.8415930624006,2023,9,9,5,36,-5,0.2748774074605619,2318.0946497422087,0,2023-01,2023-09
4369,10013,468,Headphones,Accessories,2,769.8899570793042,0.041907711780881596,Cash,USA,New York,33,Male,2023-12-12,2023-07-02,38.90767554982886,5,Yes,1,Desktop,1475.2512613100587,324.18207220934534,1514.1589368598875,2023,7,2,6,26,-163,0.21974702256581286,1570.3190183676347,0,2023-01,2023-07
2634,10031,272,Laptop,Accessories,5,160.29813065496913,0.2147207779232386,Card,India,Mumbai,36,Male,2023-06-05,2023-11-05,28.629607916400982,5,Yes,2,Mobile,629.393956705466,149.76907431087625,658.0235646218671,2023,11,5,6,44,153,0.2379575982820611,1278.4439727940319,0,2023-02,2023-11
1262,10178,444,Phone,Accessories,5,664.5618243304344,0.2918381104969332,Card,Canada,Mumbai,51,Male,2023-02-22,2023-11-02,21.58792936242299,8,Yes,2,Mobile,2353.086786047228,559.1720687840368,2374.674715409651,2023,11,2,3,44,253,0.23763342350978373,2488.30654450706,0,2023-01,2023-11
2787,10124,276,Monitor,Electronics,7,648.7371953512945,0.29491940988444615,Card,Canada,London,42,Male,2023-11-25,2023-03-13,7.9628974028894595,7,No,2,Mobile,3201.8840316974006,771.5176429521343,3209.8469291002903,2023,3,13,0,11,-257,0.24095739736805305,1907.9085217874017,1,2023-02,2023-03
3191,10165,358,Monitor,Accessories,1,45.058403107939974,0.14819374474205638,Card,UK,New York,48,Female,2023-07-06,2023-08-07,32.99751158781235,7,Yes,4,Desktop,38.381029619277236,6.302268261849939,71.37854120708958,2023,8,7,0,32,32,0.16420268878572672,1885.848265707027,0,2023-02,2023-08
3393,10096,297,Laptop,Accessories,8,792.210730919113,0.26080569029770423,Cash,Canada,Toronto,58,Male,2023-12-30,2023-07-26,31.334914822592985,6,No,2,Mobile,4684.781315044039,1007.8476821135799,4716.116229866632,2023,7,26,2,30,-157,0.21513227925434247,3150.147465999525,1,2023-03,2023-07
1623,10022,301,Phone,Electronics,3,905.1831429932279,0.22104793672545123,Card,UK,New York,34,Male,2023-05-30,2023-06-22,17.63974728804199,7,Yes,1,Desktop,2115.282830627747,462.88124303172657,2132.922577915789,2023,6,22,3,25,23,0.21882711679475908,3294.7327590386994,0,2023-02,2023-06
2016,10062,331,Tablet,Electronics,4,282.0669729026655,0.15031207109538103,Cash,USA,New York,64,Female,2023-09-21,2023-05-21,45.959976563464046,7,No,2,Desktop,958.6756080722445,156.27785747234822,1004.6355846357085,2023,5,21,6,20,-123,0.1630143253426464,2209.032053150145,0,2023-01,2023-05
4643,10142,301,Laptop,Accessories,9,816.1429097024279,0.17182815988652603,Cash,Canada,Mumbai,47,Male,2023-09-07,2023-09-29,18.68495033042766,2,No,1,Mobile,6083.159177914422,1033.9574460937688,6101.844128244849,2023,9,29,4,39,22,0.16997047354073275,3408.1393042882946,1,2023-01,2023-09
1880,10152,218,Laptop,Accessories,4,100.75785242470924,0.04116814398506132,UPI,India,London,56,Male,2023-10-25,2023-08-02,25.237643476644777,2,Yes,3,Mobile,386.439354593853,97.5563650422476,411.6769980704978,2023,8,2,2,31,-84,0.2524493530033429,739.1684383507621,0,2023-01,2023-08
3049,10144,281,Monitor,Electronics,5,607.9685010958447,0.28129843818497763,Card,USA,New York,48,Male,2023-07-30,2023-09-26,29.469310516339505,7,Yes,4,Desktop,2184.7395563596083,473.09392064201995,2214.208866875948,2023,9,26,1,39,58,0.2165447681234498,1809.1680550882843,0,2023-04,2023-09
3944,10193,478,Laptop,Electronics,7,495.9339280275916,0.10557893121953303,Card,India,Toronto,36,Male,2023-01-25,2023-01-20,9.510434517932875,7,Yes,3,Desktop,3105.0162776565357,403.16223641234484,3114.5267121744687,2023,1,20,4,3,-5,0.12984222959263372,2296.9305727415153,0,2023-01,2023-01
2327,10052,328,Laptop,Electronics,4,555.00506264282,0.13384477693715086,UPI,India,New York,52,Female,2023-10-21,2023-03-07,46.947277364613456,7,Yes,3,Mobile,1922.8821353376093,514.4236538210181,1969.8294127022227,2023,3,7,1,10,-228,0.2675273977365744,2327.3191521951553,0,2023-02,2023-03
3301,10103,288,Laptop,Accessories,1,927.6810978466582,0.20149806929936961,Cash,India,Toronto,46,Female,2023-12-07,2023-10-30,21.85412686029685,5,Yes,2,Mobile,740.755147705037,204.9098056029369,762.6092745653339,2023,10,30,0,44,-38,0.2766228574148639,2318.0946497422087,0,2023-01,2023-10
4723,10103,412,Monitor,Electronics,9,873.8889423019165,0.10017074145796619,Card,USA,Mumbai,18,Male,2023-06-01,2023-05-27,8.635064624345462,1,No,2,Desktop,7077.1575509965405,1367.506624119622,7085.792615620886,2023,5,27,5,21,-5,0.19322822959156283,2318.0946497422087,1,2023-01,2023-05
1452,10178,342,Tablet,Electronics,4,789.3819840949619,0.07627774829667916,Cash,USA,London,21,Female,2023-01-24,2023-06-14,22.42810281538985,2,Yes,2,Mobile,2916.6788152089325,413.53105778508746,2939.1069180243226,2023,6,14,2,24,141,0.14178148640458538,2488.30654450706,0,2023-01,2023-06
4108,10038,264,Tablet,Electronics,9,288.2244885248036,0.18931481798106617,UPI,Canada,New York,45,Male,2023-09-09,2023-11-06,32.00911461916613,9,No,3,Mobile,2102.9338974784005,608.844153879377,2134.9430120975667,2023,11,6,0,45,58,0.289521299080981,2785.658409818378,0,2023-01,2023-11
2183,10178,275,Laptop,Accessories,6,913.5822561123698,0.007495224684554835,Cash,India,London,35,Female,2023-03-01,2023-01-06,28.114370231959832,8,No,4,Mobile,5440.40851100991,1504.022220664453,5468.52288124187,2023,1,6,4,1,-54,0.27645391290391524,2488.30654450706,1,2023-01,2023-01
4062,10197,398,Monitor,Electronics,1,115.55753861459775,0.21621753360800366,Card,UK,New York,43,Female,2023-03-07,2023-01-14,36.25438883167733,8,No,4,Mobile,90.57197262553778,13.484024630524601,126.82636145721511,2023,1,14,5,2,-52,0.1488763492683677,2593.5554779252766,0,2023-01,2023-01
3056,10133,342,Tablet,Electronics,3,856.262632227612,0.15420701096295292,Cash,Canada,Toronto,57,Female,2023-02-22,2023-05-12,7.496777393055979,1,Yes,3,Desktop,2172.6627933375653,258.8048701619552,2180.1595707306215,2023,5,12,4,19,79,0.11911874726053949,2787.05203601584,0,2023-02,2023-05
4304,10066,292,Tablet,Electronics,2,341.5968709065356,0.1817261191562803,Cash,USA,London,36,Female,2023-04-16,2023-12-08,17.804327462242526,6,Yes,4,Desktop,559.0395944815241,105.17252226236707,576.8439219437666,2023,12,8,4,49,236,0.18813072150982135,2041.7879172047167,0,2023-02,2023-12
4170,10134,423,Tablet,Electronics,9,72.6968654287437,0.18956404777406552,Card,UK,New York,23,Female,2023-04-06,2023-08-31,41.8653759578046,9,Yes,3,Mobile,530.2453802182606,124.75581347819778,572.1107561760653,2023,8,31,3,35,147,0.23527939729874792,2089.605387541751,0,2023-02,2023-08
2682,10178,490,Monitor,Electronics,1,675.9698445559334,0.1581150469477691,Card,USA,Mumbai,18,Female,2023-06-25,2023-08-19,8.595215950611239,8,Yes,3,Mobile,569.0888408486958,76.8712214170517,577.684056799307,2023,8,19,5,33,55,0.1350777170439888,2488.30654450706,0,2023-01,2023-08
3863,10199,301,Monitor,Accessories,9,246.65432974963633,0.17476013323222078,Cash,UK,Toronto,25,Female,2023-02-08,2023-08-16,43.49686796131809,3,Yes,4,Desktop,1831.9408759825717,371.22913700881736,1875.4377439438897,2023,8,16,2,33,189,0.20264253168634963,1969.0166222605415,0,2023-08,2023-08
3255,10041,466,Laptop,Accessories,9,258.6997033473393,0.20513646026696236,Cash,Canada,London,50,Female,2023-06-17,2023-06-11,9.13532414346978,4,Yes,1,Desktop,1850.6786573749764,342.52934089085227,1859.813981518446,2023,6,11,6,23,-6,0.18508309885450333,1007.1777894410704,0,2023-01,2023-06
2154,10191,309,Headphones,Accessories,8,319.92622290419604,0.22593565415390224,UPI,UK,New York,60,Female,2023-02-11,2023-10-10,42.55043967012633,3,No,1,Desktop,1981.1478596107947,550.9774864127917,2023.698299280921,2023,10,10,1,41,241,0.2781102297538931,1626.1553226298556,0,2023-10,2023-10
1403,10014,464,Tablet,Electronics,8,82.41107215246639,0.21823571738583614,Card,Canada,London,38,Female,2023-04-14,2023-09-20,21.2354780485427,6,Yes,2,Desktop,515.4082616058959,95.82126445239366,536.6437396544386,2023,9,20,2,38,159,0.18591332656142573,973.4380283387828,0,2023-03,2023-09
3199,10110,202,Headphones,Accessories,1,193.58460131428896,0.2608849373196785,Cash,USA,New York,41,Female,2023-11-29,2023-05-11,32.54940784657471,9,No,4,Desktop,143.08129473435574,29.58281297628446,175.63070258093046,2023,5,11,3,19,-202,0.2067552787470075,2878.3545264663985,0,2023-01,2023-05
3101,10156,284,Monitor,Accessories,8,25.036835033849094,0.056833029950220826,Card,UK,Toronto,42,Male,2023-07-23,2023-08-13,11.879920204159918,8,No,2,Mobile,188.91132670809287,54.984009205335575,200.7912469122528,2023,8,13,6,32,21,0.2910572392003644,1259.3576749076449,0,2023-02,2023-08
4191,10032,481,Monitor,Accessories,3,456.5013306836711,0.12034439084753926,UPI,India,Mumbai,64,Female,2023-01-08,2023-09-15,7.977592477633138,4,Yes,3,Mobile,1204.691868364361,192.6764335094049,1212.6694608419941,2023,9,15,4,37,250,0.15993835317491292,2874.0044855131327,0,2023-02,2023-09
2696,10154,316,Monitor,Electronics,7,102.57026986961186,0.2843388198043371,Cash,India,Toronto,60,Male,2023-10-09,2023-08-22,14.71721918090608,2,Yes,1,Desktop,513.8389227151185,81.08285010020892,528.5561418960247,2023,8,22,1,34,-48,0.15779818638838827,2159.124830281556,0,2023-05,2023-08
4991,10163,420,Headphones,Electronics,1,688.999552943315,0.11897717231589891,Cash,USA,London,36,Female,2023-02-12,2023-12-02,10.7534218058913,8,Yes,4,Desktop,607.024334407201,157.7771676801383,617.7777562130923,2023,12,2,5,48,293,0.2599190159884085,2510.5025632462985,0,2023-01,2023-12
1627,10156,353,Monitor,Accessories,1,250.9103941678154,0.037461023071776796,Cash,UK,London,46,Male,2023-04-20,2023-11-12,19.05826539558343,8,Yes,4,Mobile,241.51103410294627,37.55684891979726,260.5692994985297,2023,11,12,6,45,206,0.15550779722879376,1259.3576749076449,0,2023-02,2023-11
1586,10037,352,Laptop,Accessories,5,944.7026611544736,0.15763353790865386,Card,India,New York,27,Male,2023-07-29,2023-01-24,28.147246092995907,6,Yes,4,Desktop,3978.9291920248684,1059.8799980591753,4007.076438117864,2023,1,24,1,4,-186,0.266373174014641,2866.9756595223207,1,2023-01,2023-01
2648,10184,211,Monitor,Electronics,5,873.8265948506795,0.032847291766338646,UPI,Canada,Toronto,29,Male,2023-08-25,2023-09-28,31.49417586042543,8,Yes,1,Desktop,4225.618788682165,503.3012920495699,4257.112964542591,2023,9,28,3,39,34,0.119107121872329,2930.004441825764,1,2023-04,2023-09
2443,10096,332,Phone,Electronics,8,303.65207706884405,0.06085597161835956,Card,UK,New York,50,Female,2023-12-22,2023-04-05,40.54406483208843,9,No,2,Mobile,2281.3842790790923,278.9043600044197,2321.9283439111805,2023,4,5,2,14,-261,0.1222522494618937,3150.147465999525,0,2023-03,2023-04
2445,10154,492,Headphones,Accessories,7,787.5511455635452,0.299495626971287,Cash,UK,Toronto,24,Female,2023-11-15,2023-05-22,34.53079519617614,1,No,1,Mobile,3861.781150157252,1082.32083832331,3896.311945353428,2023,5,22,0,21,-177,0.28026467483255435,2159.124830281556,1,2023-05,2023-05
1103,10182,499,Phone,Electronics,8,807.1800065715101,0.16240879151883958,UPI,India,London,34,Female,2023-02-18,2023-07-01,32.39412463082988,9,No,2,Mobile,5408.695017328498,1125.8872412474097,5441.089141959327,2023,7,1,5,26,133,0.20816245649648707,2272.7595984489244,1,2023-01,2023-07
4923,10032,427,Monitor,Accessories,6,986.8318518321222,0.0852175167121287,Cash,Canada,New York,27,Female,2023-04-25,2023-07-25,23.53019123685986,2,No,3,Mobile,5416.418952039345,1320.3217386277222,5439.949143276204,2023,7,25,1,30,91,0.24376285333884776,2874.0044855131327,1,2023-02,2023-07
1253,10195,470,Laptop,Electronics,6,605.8831871087713,0.2984324863721718,Cash,Canada,New York,48,Male,2023-06-04,2023-03-22,26.32137957320624,1,No,3,Desktop,2550.4077667728293,369.9564845920583,2576.7291463460356,2023,3,22,2,12,-74,0.14505777837250886,1446.9719914795533,0,2023-03,2023-03
4298,10085,242,Tablet,Accessories,2,100.32641995078895,0.28996767556654296,Card,Canada,Toronto,23,Female,2023-05-17,2023-10-01,23.653437322558148,8,No,2,Mobile,142.47000231949167,18.984822161763365,166.12343964204982,2023,10,1,6,39,137,0.13325487367642166,2113.945362050333,0,2023-01,2023-10
4183,10065,220,Monitor,Accessories,6,653.9004843478533,0.13222171232527904,Cash,UK,Mumbai,34,Female,2023-06-16,2023-10-03,42.89747135276224,8,Yes,3,Desktop,3404.643855702305,909.0087653107921,3447.541327055067,2023,10,3,1,40,109,0.266990852446528,2011.5480343546503,1,2023-02,2023-10
3557,10009,306,Laptop,Electronics,5,632.4801534085145,0.07812093263637251,UPI,USA,Toronto,54,Female,2023-11-17,2023-07-27,15.350020364677993,4,Yes,3,Desktop,2915.351069751227,500.63773363573426,2930.701090115905,2023,7,27,3,30,-113,0.17172468140464975,2573.649059315093,0,2023-01,2023-07
2496,10004,316,Headphones,Accessories,3,645.5835658720231,0.25151989142765696,Cash,UK,Mumbai,35,Female,2023-07-18,2023-10-23,5.257441919388408,8,Yes,4,Desktop,1449.6193724292368,276.88675719621517,1454.8768143486252,2023,10,23,0,43,97,0.19100652382439887,1850.9581124109795,0,2023-01,2023-10
1098,10122,323,Phone,Accessories,6,321.0027351421273,0.2146862150915357,Cash,UK,Toronto,43,Female,2023-03-12,2023-02-08,34.30939537518077,7,No,4,Desktop,1512.5272374025997,159.71437504242158,1546.8366327777803,2023,2,8,2,6,-32,0.1055943794550718,1844.5432604749508,0,2023-01,2023-02
3200,10073,480,Phone,Accessories,8,862.4859933787262,0.2060824305010531,Card,India,London,33,Female,2023-01-07,2023-10-15,14.110798263747412,2,No,1,Mobile,5477.942268720984,970.560703776246,5492.053066984732,2023,10,15,6,41,281,0.17717614683859328,3163.721481794248,1,2023-04,2023-10
2884,10096,491,Phone,Electronics,9,960.2827392963037,0.26793412239674175,UPI,USA,New York,25,Female,2023-07-19,2023-05-04,45.05518113394142,5,No,1,Desktop,6326.912036611885,1607.5896519985492,6371.967217745826,2023,5,4,3,18,-76,0.2540875616249957,3150.147465999525,1,2023-03,2023-05
3961,10117,402,Headphones,Electronics,1,233.3582627185885,0.20682514016139739,Card,Canada,Toronto,41,Female,2023-12-02,2023-12-30,43.65708483679952,4,Yes,1,Desktop,185.09390732399623,48.91199704282058,228.75099216079576,2023,12,30,5,52,28,0.26425503545723383,2545.8154826268365,0,2023-02,2023-12
2919,10037,250,Laptop,Electronics,3,106.38911497391156,0.08513938291246474,Cash,India,London,30,Male,2023-03-08,2023-10-10,8.452731736769266,3,Yes,4,Desktop,291.9936341292884,70.00575344714026,300.4463658660577,2023,10,10,1,41,216,0.2397509577765084,2866.9756595223207,0,2023-01,2023-10
1877,10140,470,Headphones,Accessories,3,210.6443325051144,0.2081589485627197,Card,UK,Toronto,46,Male,2023-05-18,2023-06-29,9.78747824363348,1,Yes,1,Mobile,500.39048919046166,119.31108001418147,510.17796743409514,2023,6,29,3,26,42,0.23843594670874843,1651.8324020066102,0,2023-01,2023-06
1337,10158,476,Phone,Electronics,8,824.1410964706045,0.09174405338509918,Card,USA,New York,49,Female,2023-08-30,2023-04-07,27.282721651099983,5,No,1,Mobile,5988.248413753209,1205.1221384113246,6015.531135404309,2023,4,7,4,14,-145,0.20124785331943157,3175.3764747180157,1,2023-02,2023-04
4777,10046,340,Monitor,Accessories,1,683.1117421234505,0.2277716938970985,Card,Canada,Toronto,41,Female,2023-08-01,2023-07-10,32.415019824620956,8,No,4,Mobile,527.5182234989943,109.54752863560884,559.9332433236152,2023,7,10,0,28,-22,0.20766586585196462,1682.2816480615243,0,2023-01,2023-07
3869,10108,474,Tablet,Accessories,5,643.3263954923441,0.1859243563474698,Card,Canada,Mumbai,33,Female,2023-06-30,2023-03-15,17.370875186700836,9,No,2,Mobile,2618.581747445461,650.7865622002333,2635.952622632162,2023,3,15,2,11,-107,0.24852634936262866,1651.80146852154,0,2023-02,2023-03
4234,10179,489,Headphones,Electronics,3,413.75727240723603,0.023223465595425173,Cash,UK,New York,28,Female,2023-09-11,2023-09-30,37.25589725147168,7,Yes,4,Mobile,1212.4451838798889,181.21249337869003,1249.7010811313605,2023,9,30,5,39,19,0.14946035976554456,1092.5907333258413,0,2023-01,2023-09
4791,10183,251,Headphones,Electronics,2,586.271412081207,0.1538506087305426,Cash,Canada,Mumbai,49,Male,2023-04-11,2023-02-18,31.77122094134922,1,No,2,Desktop,992.1463969023971,145.1544047065859,1023.9176178437464,2023,2,18,5,7,-52,0.1463034136492112,2459.7131068616527,0,2023-01,2023-02
1956,10014,226,Laptop,Accessories,8,321.7166427688801,0.10299029075872228,UPI,Canada,London,23,Male,2023-12-17,2023-12-03,19.61708493868496,1,Yes,4,Mobile,2308.663617505545,669.4777378177023,2328.28070244423,2023,12,3,6,48,-14,0.2899849647828109,973.4380283387828,0,2023-03,2023-12
2704,10156,356,Laptop,Accessories,3,487.65607782960205,0.09857118981968828,Card,USA,London,52,Female,2023-03-28,2023-07-29,6.141716961904201,1,Yes,1,Desktop,1318.761714045407,139.17944390928585,1324.9034310073112,2023,7,29,5,30,123,0.10553797735175506,1259.3576749076449,0,2023-02,2023-07
1160,10135,438,Headphones,Electronics,7,797.2017678032428,0.18067689071317716,Card,India,Toronto,50,Male,2023-07-04,2023-04-26,38.756762658433296,2,Yes,3,Mobile,4572.160817878533,584.7477874712944,4610.917580536966,2023,4,26,2,17,-69,0.1278930927330363,2360.615935652116,1,2023-04,2023-04
2603,10004,355,Phone,Electronics,1,981.6167655063529,0.09669744734082747,UPI,USA,Mumbai,35,Male,2023-04-01,2023-01-23,14.663914962128722,1,Yes,3,Desktop,886.6969300149289,189.8120952816154,901.3608449770576,2023,1,23,0,4,-68,0.2140664852402496,1850.9581124109795,0,2023-01,2023-01
3848,10156,490,Tablet,Electronics,6,933.8391451180058,0.2330681244614618,Card,India,Mumbai,54,Female,2023-09-05,2023-04-08,42.551318455818276,4,Yes,2,Mobile,4297.146042099944,1063.8314155772061,4339.697360555762,2023,4,8,5,14,-150,0.2475669677396697,1259.3576749076449,1,2023-02,2023-04
1397,10046,335,Laptop,Accessories,3,935.1886239893238,0.02123743080335233,UPI,India,New York,30,Female,2023-08-02,2023-11-24,23.91306170244148,9,Yes,2,Desktop,2745.982860897805,570.0062250711007,2769.8959226002466,2023,11,24,4,47,114,0.20757821659700235,1682.2816480615243,0,2023-01,2023-11
2300,10067,343,Phone,Accessories,8,414.17926015017014,0.19811647571874763,Cash,India,Mumbai,27,Female,2023-12-25,2023-11-09,30.968484918429443,4,Yes,2,Mobile,2656.9881985073607,454.37898935572804,2687.9566834257903,2023,11,9,3,45,-46,0.17101279923297683,2512.0019646026153,0,2023-04,2023-11
1815,10075,305,Monitor,Accessories,6,479.4140828966551,0.24275844109702235,UPI,Canada,Mumbai,54,Male,2023-09-06,2023-07-09,44.282692868405086,4,No,3,Desktop,2178.1936049562264,643.8636262905309,2222.4762978246313,2023,7,9,6,27,-59,0.2955952238705935,1198.862477460134,0,2023-07,2023-07
4987,10172,357,Laptop,Accessories,2,711.5226884416019,0.20184950697612902,Card,USA,New York,43,Male,2023-05-06,2023-07-01,43.8630350413979,7,Yes,2,Desktop,1135.8043691546693,273.46822791849337,1179.6674041960673,2023,7,1,5,26,56,0.2407705370265692,1182.235004958257,0,2023-02,2023-07
2527,10129,345,Phone,Accessories,6,923.7480894902585,0.14916875850599873,UPI,Canada,New York,63,Female,2023-01-04,2023-05-28,21.718380885960798,9,No,4,Desktop,4715.7224028522505,1255.6939232344648,4737.440783738211,2023,5,28,6,21,144,0.26627816821341577,2377.7899734063253,1,2023-01,2023-05
2919,10154,201,Phone,Electronics,7,159.15437416504295,0.28509210412085434,Cash,UK,Mumbai,34,Female,2023-03-29,2023-12-08,14.40000017216794,7,Yes,4,Desktop,796.4650312800518,86.05754870985163,810.8650314522197,2023,12,8,4,49,254,0.10804937483764081,2159.124830281556,0,2023-05,2023-12
2415,10094,276,Tablet,Electronics,5,318.15702655065184,0.08998154693941908,Card,USA,Toronto,18,Male,2023-05-31,2023-01-23,39.88157349778676,1,Yes,3,Desktop,1447.6438256598917,213.07004082114787,1487.5253991576785,2023,1,23,0,4,-128,0.14718402209467674,2966.7977249220617,0,2023-01,2023-01
2158,10114,331,Tablet,Accessories,3,156.46190770222734,0.005750366257493333,Cash,India,New York,42,Male,2023-06-25,2023-04-15,24.4886091620959,1,Yes,4,Desktop,466.6865832827802,81.59278417456518,491.1751924448761,2023,4,15,5,15,-71,0.17483421871831598,2234.644040762402,0,2023-01,2023-04
2218,10163,289,Monitor,Accessories,4,619.7683593602662,0.12959681143903226,Cash,Canada,New York,51,Female,2023-07-30,2023-06-12,13.641889710155183,4,No,2,Mobile,2157.7934246255018,294.58256168442284,2171.435314335657,2023,6,12,0,24,-48,0.1365202796164556,2510.5025632462985,0,2023-01,2023-06
1400,10035,462,Phone,Electronics,4,320.1749769497868,0.009903580770098175,UPI,Canada,Mumbai,56,Male,2023-09-16,2023-03-08,45.69914040427176,4,Yes,3,Mobile,1268.016392820001,145.289133845971,1313.7155332242728,2023,3,8,2,10,-192,0.11457985454182945,2659.04872080023,0,2023-03,2023-03
1639,10025,307,Phone,Electronics,6,339.585695462322,0.2861810257579226,Cash,USA,Mumbai,27,Female,2023-04-01,2023-10-17,13.914688740848932,1,Yes,2,Desktop,1454.416276813183,210.9170238336136,1468.330965554032,2023,10,17,1,42,199,0.14501833291893604,2462.8187650520977,0,2023-03,2023-10
4104,10042,273,Tablet,Electronics,1,89.49764029821965,0.06297541372441545,Card,USA,New York,37,Female,2023-09-16,2023-10-16,6.1613225686053985,6,No,4,Desktop,83.86148937308036,17.336444700924492,90.02281194168576,2023,10,16,0,42,30,0.20672712624740852,1269.9014799924141,0,2023-10,2023-10
3735,10026,238,Laptop,Electronics,4,362.80014057144007,0.23667810718466384,Cash,India,Mumbai,24,Male,2023-07-10,2023-02-15,5.9125988195338985,2,No,2,Desktop,1107.7331600586467,264.91333251745687,1113.6457588781807,2023,2,15,2,7,-145,0.23914904967134104,2307.2513304533272,0,2023-02,2023-02
1459,10068,358,Laptop,Accessories,4,865.2465772535536,0.23237162495230945,Cash,India,New York,33,Male,2023-03-22,2023-03-22,33.004191040441896,5,No,3,Desktop,2656.7512964508855,676.9513477586065,2689.7554874913276,2023,3,22,2,12,0,0.2548041845930162,1469.9822251149546,0,2023-03,2023-03
1954,10147,270,Headphones,Electronics,1,248.41135565301826,0.06531866990488006,UPI,UK,Toronto,54,Male,2023-05-18,2023-05-27,34.77537773228887,8,No,2,Desktop,232.185456312495,25.21237577330247,266.9608340447839,2023,5,27,5,21,9,0.10858723097354342,2307.2970970929723,0,2023-03,2023-05
4954,10010,440,Tablet,Accessories,9,701.2837168858644,0.1863679591440502,Cash,India,Toronto,46,Female,2023-12-16,2023-08-10,18.996876727564278,3,Yes,4,Desktop,5135.282116100027,953.0941588302879,5154.2789928275915,2023,8,10,3,32,-128,0.18559723444251824,2494.194147085926,1,2023-02,2023-08
1469,10073,497,Headphones,Electronics,4,637.0357780398208,0.014423690545935064,UPI,Canada,New York,29,Female,2023-05-06,2023-12-09,19.400494516117853,9,Yes,1,Desktop,2511.389484442742,312.5231256229515,2530.7899789588596,2023,12,9,5,49,217,0.12444231671707347,3163.721481794248,0,2023-04,2023-12
4446,10103,235,Tablet,Electronics,7,866.214916201733,0.14507237571116025,UPI,UK,New York,34,Female,2023-12-22,2023-01-15,20.277226177697422,7,No,3,Mobile,5183.857423023328,965.4420071186809,5204.134649201025,2023,1,15,6,2,-341,0.18624007728893438,2318.0946497422087,1,2023-01,2023-01
2045,10037,283,Monitor,Electronics,3,149.64218869801746,0.004394138181746021,Card,UK,London,37,Female,2023-11-05,2023-05-01,35.607134604149536,9,Yes,2,Desktop,446.9539207291784,83.48883352613589,482.5610553333279,2023,5,1,0,18,-188,0.18679516982405903,2866.9756595223207,0,2023-01,2023-05
3797,10133,462,Phone,Accessories,3,978.0381611381423,0.2763431640542525,Card,UK,London,43,Female,2023-12-09,2023-03-19,7.616020596207287,1,No,3,Desktop,2123.292003370276,423.8989784133724,2130.908023966483,2023,3,19,6,11,-265,0.19964233734244874,2787.05203601584,0,2023-02,2023-03
2693,10199,371,Monitor,Accessories,8,590.9760731195582,0.2928258072598715,Card,USA,Mumbai,36,Female,2023-08-18,2023-11-18,46.810235871109654,5,No,2,Mobile,3343.384219496438,931.3535872559712,3390.194455367548,2023,11,18,5,46,92,0.2785661252526479,1969.0166222605415,1,2023-08,2023-11
3085,10022,372,Tablet,Electronics,8,995.5646692998781,0.06668482999157557,Card,India,Mumbai,64,Male,2023-12-11,2023-10-22,15.01344698798509,3,No,1,Mobile,7433.404868655973,1940.2606526533843,7448.418315643958,2023,10,22,6,42,-50,0.2610191005248179,3294.7327590386994,1,2023-02,2023-10
3277,10046,246,Phone,Accessories,1,913.2844313485338,0.06243181037891183,UPI,UK,New York,29,Female,2023-11-06,2023-08-29,49.98529423589415,4,Yes,4,Desktop,856.2664309085698,194.66718020086225,906.2517251444639,2023,8,29,1,35,-69,0.22734416902727836,1682.2816480615243,0,2023-01,2023-08
4436,10089,340,Laptop,Accessories,2,237.08692667084367,0.22611605296863888,Cash,USA,New York,38,Female,2023-01-20,2023-01-18,12.718521220423415,4,No,2,Mobile,366.95553320313473,101.67657657812025,379.6740544235582,2023,1,18,2,3,-2,0.2770814645867061,2664.1859989506265,0,2023-01,2023-01
1562,10045,317,Laptop,Electronics,8,75.03876970524684,0.07601381964880034,Card,USA,London,59,Female,2023-02-18,2023-09-13,39.719590579056984,7,Yes,2,Mobile,554.6782895856347,130.73419130662677,594.3978801646917,2023,9,13,2,37,207,0.2356937233009247,1533.1713637498128,0,2023-02,2023-09
3485,10106,476,Headphones,Electronics,1,270.5263119194543,0.2685229677485535,Card,UK,London,51,Female,2023-05-15,2023-10-04,15.053564521833126,8,Yes,1,Mobile,197.88378378877158,52.19600198087783,212.9373483106047,2023,10,4,2,40,142,0.263770992152615,1635.3902971106863,0,2023-01,2023-10
2799,10139,413,Tablet,Accessories,8,537.0123760194315,0.17217874083689466,Card,UK,New York,24,Male,2023-01-29,2023-01-27,8.638106073946428,5,Yes,3,Desktop,3556.402090420614,756.6446746728074,3565.0401964945604,2023,1,27,4,4,-2,0.21275566019682532,2457.0349948692847,1,2023-01,2023-01
4354,10140,419,Tablet,Accessories,8,188.1644397238862,0.10523328690309364,Cash,Canada,Toronto,62,Female,2023-02-17,2023-01-02,44.3719995957792,7,No,4,Desktop,1346.906218027701,276.17456759142965,1391.2782176234803,2023,1,2,0,1,-46,0.20504365032618013,1651.8324020066102,0,2023-01,2023-01
3074,10103,225,Laptop,Accessories,2,184.11054962762873,0.249808123904826,Card,UK,Toronto,52,Male,2023-09-26,2023-12-19,43.643806663590134,3,Yes,2,Mobile,276.23647726812885,67.6280620354146,319.88028393171896,2023,12,19,1,51,84,0.2448194485544769,2318.0946497422087,0,2023-01,2023-12
1225,10189,208,Monitor,Electronics,4,473.34167616305007,0.14802201012401855,Cash,Canada,Mumbai,32,Male,2023-01-03,2023-10-22,23.16066766023206,3,No,2,Desktop,1613.1067591276926,167.66286835890085,1636.2674267879247,2023,10,22,6,42,292,0.10393786239515022,1202.092273637818,0,2023-01,2023-10
4348,10110,470,Phone,Electronics,6,52.60261174597125,0.27348987411254266,UPI,UK,New York,18,Female,2023-09-15,2023-11-08,36.607826414319206,3,Yes,4,Desktop,229.2979804894477,54.59023463900365,265.9058069037669,2023,11,8,2,45,54,0.23807551432628465,2878.3545264663985,0,2023-01,2023-11
1797,10103,209,Monitor,Accessories,9,139.45032088162503,0.27840427101881426,UPI,UK,New York,43,Female,2023-01-16,2023-12-29,30.067966970776272,4,Yes,1,Desktop,905.6408035791283,259.8316464129257,935.7087705499046,2023,12,29,4,52,347,0.286903643680873,2318.0946497422087,0,2023-01,2023-12
4680,10059,320,Monitor,Electronics,8,427.5441126197886,0.0496260456385228,UPI,India,Mumbai,52,Male,2023-04-04,2023-08-27,43.383025115318695,6,Yes,3,Mobile,3250.614311795498,789.2114996751279,3293.9973369108166,2023,8,27,6,34,145,0.2427884159653508,937.8123258757751,1,2023-01,2023-08
3331,10170,324,Laptop,Electronics,8,81.86731102380713,0.0006970218395790816,Cash,UK,London,42,Male,2023-12-24,2023-01-13,19.177518619339452,5,No,4,Mobile,654.4819817606074,70.26436409494013,673.6595003799468,2023,1,13,4,2,-345,0.1073587448594437,2586.021855489901,0,2023-01,2023-01
3926,10099,369,Laptop,Accessories,7,408.8199553264187,0.29517928204272065,Card,UK,London,59,Female,2023-05-14,2023-07-03,28.565257999954333,8,No,3,Mobile,2017.0134209990056,354.1414239081792,2045.57867899896,2023,7,3,0,27,50,0.1755771281545448,2893.0716030430726,0,2023-07,2023-07
1959,10067,271,Laptop,Accessories,9,484.5261406294762,0.2718412608382438,Card,Canada,Toronto,32,Male,2023-10-28,2023-07-13,26.84175670420477,5,No,1,Mobile,3175.3074928650403,831.6646643235944,3202.149249569245,2023,7,13,3,28,-107,0.2619162604542572,2512.0019646026153,1,2023-04,2023-07
2504,10132,351,Headphones,Electronics,2,462.2412817916521,0.016633570711152422,Card,Canada,New York,39,Female,2023-11-23,2023-02-25,20.925762181558643,5,No,1,Desktop,909.1051174907138,265.2056994522185,930.0308796722725,2023,2,25,5,8,-271,0.291721710008884,1353.1466186924708,0,2023-01,2023-02
1452,10119,407,Monitor,Electronics,3,871.7913602550256,0.24991027918232098,Card,India,London,23,Female,2023-05-13,2023-08-18,45.11547790503675,2,Yes,4,Desktop,1961.76521407487,341.411240330021,2006.8806919799067,2023,8,18,4,33,97,0.17403267112727544,2886.0770398521227,0,2023-01,2023-08
4067,10036,248,Tablet,Accessories,8,539.4612059506978,0.13734147976776198,Card,UK,Toronto,32,Male,2023-11-08,2023-01-28,12.464506609814096,5,Yes,2,Desktop,3722.9664451850203,998.6440933022665,3735.4309517948345,2023,1,28,5,4,-284,0.2682388111753816,1963.309426583294,1,2023-01,2023-01
4900,10071,353,Phone,Electronics,6,478.6208532284825,0.07768848150749257,Cash,UK,Toronto,41,Female,2023-02-01,2023-11-16,11.727888778431327,7,No,1,Mobile,2648.625155540047,722.4442286195044,2660.3530443184786,2023,11,16,3,46,288,0.2727619750603026,1363.075695726296,0,2023-01,2023-11
1815,10126,492,Headphones,Electronics,9,422.4950604838329,0.26362395710307895,UPI,Canada,Toronto,38,Female,2023-11-01,2023-03-12,30.960929089523813,2,No,1,Mobile,2800.0371670432214,349.04501676509665,2830.998096132745,2023,3,12,6,10,-234,0.12465727986521001,3214.1213643739766,0,2023-03,2023-03
1658,10105,267,Tablet,Accessories,4,821.2709107383964,0.059000169717092175,Card,USA,London,24,Female,2023-09-26,2023-07-29,34.587240349322386,6,No,4,Desktop,3091.263150484481,832.0372591028976,3125.850390833803,2023,7,29,5,30,-59,0.26915769334373746,1586.7719419778007,0,2023-07,2023-07
4587,10091,249,Monitor,Accessories,8,897.1554719198365,0.28418999982602006,UPI,USA,London,46,Male,2023-01-25,2023-07-03,13.757866444605433,7,No,4,Mobile,5137.542868088202,846.9238345721224,5151.300734532808,2023,7,3,0,27,159,0.164849979127723,2574.437131377038,1,2023-01,2023-07
1546,10030,351,Laptop,Electronics,3,856.1776198131752,0.06168644630980232,Cash,USA,New York,49,Male,2023-11-12,2023-12-22,22.582284901458085,5,Yes,4,Mobile,2410.089195110746,526.9600840864605,2432.671480012204,2023,12,22,4,51,40,0.21864754431308345,3395.8742017346376,0,2023-05,2023-12
2215,10121,218,Monitor,Electronics,3,680.075646568763,0.18410495631862306,Cash,Canada,New York,49,Male,2023-02-28,2023-02-10,47.59537293404347,9,No,1,Desktop,1664.6110480915847,345.89356448586926,1712.2064210256283,2023,2,10,4,6,-18,0.20779242387128422,2780.2592182564977,0,2023-01,2023-02
4120,10136,299,Phone,Electronics,8,154.61451104930075,0.06692590035869246,Card,Canada,Toronto,22,Female,2023-08-01,2023-09-17,16.09778402108033,4,No,3,Mobile,1154.1343655104583,268.46408661551493,1170.2321495315387,2023,9,17,6,37,47,0.23261077274722414,1515.5427018591542,0,2023-02,2023-09
4583,10050,259,Headphones,Accessories,5,291.332570102172,0.16370059949059043,Cash,USA,Toronto,21,Male,2023-06-05,2023-12-10,35.076231595282735,1,Yes,1,Mobile,1218.20626862656,302.22836275810556,1253.2825002218426,2023,12,10,6,49,188,0.24809293018894604,1566.9430894695204,0,2023-01,2023-12
1016,10028,366,Headphones,Electronics,3,65.1418024083379,0.2051925389745424,UPI,USA,London,39,Male,2023-11-10,2023-03-25,38.30672271639158,8,No,4,Desktop,155.32557173637926,29.2285788847116,193.63229445277085,2023,3,25,5,12,-230,0.188176219523716,1891.9812460275123,0,2023-02,2023-03
4243,10039,401,Phone,Electronics,1,932.2075934903119,0.057068379246041266,Card,UK,London,35,Male,2023-10-03,2023-02-15,25.165791475932178,8,Yes,2,Mobile,879.0080170089673,244.0672685538796,904.1738084848995,2023,2,15,2,7,-230,0.2776621644298265,2449.0567001257323,0,2023-02,2023-02
2243,10040,345,Tablet,Accessories,3,667.5825590970921,0.15626573481020375,Card,Canada,New York,52,Female,2023-07-29,2023-06-08,47.18866940418123,7,No,2,Desktop,1689.7868398599262,442.5546399144144,1736.9755092641074,2023,6,8,3,23,-51,0.26189968431231225,3301.0302068494557,0,2023-06,2023-06
3205,10010,363,Tablet,Accessories,9,751.4356266269766,0.1407179233170357,UPI,Canada,New York,34,Female,2023-02-26,2023-12-10,38.14955308484557,8,Yes,4,Desktop,5811.256491674338,1493.9823338369993,5849.406044759183,2023,12,10,6,49,287,0.257084218529572,2494.194147085926,1,2023-02,2023-12
3524,10150,441,Headphones,Electronics,5,325.34030479058436,0.02131122642100237,Card,USA,Mumbai,41,Male,2023-07-04,2023-01-07,25.606606093740403,2,No,2,Mobile,1592.0345194565716,305.1124101039275,1617.641125550312,2023,1,7,5,1,-178,0.19164936838685837,1289.8743922165188,0,2023-01,2023-01
2069,10000,268,Headphones,Accessories,2,848.7404518317956,0.24549234530259087,Card,USA,New York,19,Male,2023-02-23,2023-11-29,30.62008407992423,3,No,1,Desktop,1280.7623355168548,137.7006209569757,1311.382419596779,2023,11,29,2,48,279,0.10751457716892204,2280.6253023992795,0,2023-01,2023-11
4444,10045,374,Laptop,Accessories,7,274.41121803430894,0.10070472019285251,UPI,India,London,30,Male,2023-07-28,2023-05-16,36.16760495412953,9,No,3,Mobile,1727.436991730688,342.81208433214937,1763.6045966848176,2023,5,16,1,20,-73,0.19845128127578887,1533.1713637498128,0,2023-02,2023-05
3565,10100,248,Tablet,Electronics,2,21.61088197020069,0.17237465926556386,Card,Canada,Toronto,32,Female,2023-12-08,2023-07-02,31.64855811931482,1,No,1,Mobile,35.77142710831806,10.00487849791831,67.41998522763288,2023,7,2,6,26,-159,0.2796891068288366,1897.4383223307564,0,2023-02,2023-07
3146,10148,307,Phone,Accessories,4,388.88666327028005,0.15443527047994032,Card,India,Mumbai,22,Male,2023-10-20,2023-07-16,44.54139127217341,8,No,4,Mobile,1315.3153849683715,181.63194244487514,1359.8567762405448,2023,7,16,6,28,-96,0.13809003112150378,1154.9753575820957,0,2023-04,2023-07
4963,10089,425,Tablet,Accessories,7,579.346251339892,0.15397815137113266,UPI,UK,New York,20,Female,2023-12-06,2023-06-21,21.059989802618052,8,Yes,1,Mobile,3430.977105883459,1017.3481657646978,3452.037095686077,2023,6,21,2,25,-168,0.2965184944021175,2664.1859989506265,1,2023-01,2023-06
2768,10109,360,Laptop,Electronics,4,489.1307608062121,0.03216671826254623,Cash,India,New York,54,Female,2023-10-31,2023-12-15,18.494858302511222,7,No,2,Mobile,1893.588117719255,495.2454839419733,1912.0829760217662,2023,12,15,4,50,45,0.26153812400263426,1721.8657859198647,0,2023-03,2023-12
2060,10163,318,Headphones,Accessories,7,864.8346197250651,0.12704460277479981,UPI,USA,London,54,Female,2023-09-09,2023-10-03,14.622750027286894,5,Yes,1,Mobile,5284.734342973395,1278.7258104850791,5299.357093000682,2023,10,3,1,40,24,0.24196595845641294,2510.5025632462985,1,2023-01,2023-10
3327,10181,348,Headphones,Electronics,7,123.2971802370436,0.13571002776197105,Card,Canada,Mumbai,54,Male,2023-10-31,2023-03-19,6.7002335629067815,4,Yes,3,Mobile,745.9516153887117,175.6208744366126,752.6518489516185,2023,3,19,6,11,-226,0.23543199158446415,1242.2955314148962,0,2023-03,2023-03
4420,10056,349,Laptop,Electronics,1,562.746971821051,0.22009285210933455,UPI,Canada,New York,20,Male,2023-04-22,2023-06-27,6.93562839710249,6,Yes,2,Mobile,438.8903857770646,95.41704173431258,445.8260141741671,2023,6,27,1,26,66,0.2174051763867525,1304.4583720647793,0,2023-01,2023-06
3544,10000,492,Phone,Accessories,6,522.7197628244893,0.2520056495762095,Card,India,Toronto,52,Female,2023-01-06,2023-01-27,44.15248368991772,1,Yes,3,Mobile,2345.94857668549,572.7259614857037,2390.1010603754075,2023,1,27,4,4,21,0.24413406464982643,2280.6253023992795,0,2023-01,2023-01
1301,10062,342,Headphones,Accessories,9,295.76512252871976,0.1634946834300054,Card,India,London,40,Female,2023-07-10,2023-04-30,35.527691588265824,5,No,3,Desktop,2226.68187706125,410.5580788791264,2262.209568649516,2023,4,30,6,17,-71,0.18438111124386408,2209.032053150145,0,2023-01,2023-04
1180,10181,359,Monitor,Accessories,2,825.7835503254704,0.026034886219497143,UPI,UK,Mumbai,45,Female,2023-11-30,2023-10-08,34.72395869464188,4,No,3,Desktop,1608.5687391016288,432.7976791292711,1643.2926977962707,2023,10,8,6,40,-53,0.2690576216040259,1242.2955314148962,0,2023-03,2023-10
1606,10054,210,Headphones,Electronics,3,757.7916827645622,0.07105484117896388,Card,UK,New York,47,Female,2023-10-06,2023-11-04,32.65892685206987,4,No,1,Mobile,2111.8407452969595,505.29842711065226,2144.4996721490293,2023,11,4,5,44,29,0.23926919121905615,1940.9416434274935,0,2023-02,2023-11
4170,10114,337,Monitor,Accessories,5,738.2020035851943,0.04948020805581932,Cash,USA,New York,35,Male,2023-12-06,2023-07-15,43.214861511234716,7,No,1,Mobile,3508.378074302881,892.0073092723412,3551.5929358141157,2023,7,15,5,28,-144,0.2542506224759098,2234.644040762402,1,2023-01,2023-07
1699,10167,277,Laptop,Electronics,9,878.6686287041649,0.037384518956737424,Card,USA,Mumbai,53,Male,2023-01-13,2023-10-04,26.612011654953236,9,Yes,1,Mobile,7612.380222279152,1967.7811380081732,7638.992233934106,2023,10,4,2,40,264,0.25849748443319587,2905.529530566239,1,2023-03,2023-10
1992,10142,276,Laptop,Accessories,4,728.3289086090907,0.10976978958534227,UPI,USA,London,50,Female,2023-10-30,2023-01-18,44.16848728512351,8,Yes,1,Desktop,2593.5215902485957,307.10928929710235,2637.690077533719,2023,1,18,2,3,-285,0.11841400914178052,3408.1393042882946,0,2023-01,2023-01
2139,10148,453,Headphones,Accessories,1,247.2044658804319,0.0688180506463146,Cash,India,Mumbai,43,Female,2023-02-13,2023-10-22,21.175026178200763,8,Yes,2,Desktop,230.1923364274772,25.58084953587183,251.36736260567795,2023,10,22,6,42,251,0.1111281545375476,1154.9753575820957,0,2023-04,2023-10
1190,10174,457,Tablet,Accessories,4,711.4514574166973,0.06549093354345369,Cash,India,Mumbai,57,Female,2023-04-15,2023-09-28,46.70183769525907,5,No,1,Mobile,2659.4313491985085,691.9765207025109,2706.1331868937677,2023,9,28,3,39,166,0.26019717369694717,1864.6007906205282,0,2023-09,2023-09
3300,10052,490,Monitor,Electronics,6,321.548757122047,0.016407952372880296,Card,Canada,London,34,Male,2023-06-09,2023-02-22,36.439564103655805,6,No,2,Mobile,1897.6368025777776,288.2070131223347,1934.0763666814335,2023,2,22,2,8,-107,0.15187680420764924,2327.3191521951553,0,2023-02,2023-02
1980,10136,462,Phone,Accessories,5,257.33115734052114,0.0053010134386301646,UPI,USA,New York,57,Female,2023-06-03,2023-10-21,16.57297112109923,2,No,3,Mobile,1279.835207086404,276.94861053162384,1296.4081782075032,2023,10,21,5,42,140,0.2163939615023628,1515.5427018591542,0,2023-02,2023-10
3975,10179,284,Headphones,Accessories,1,91.54352104163478,0.030830472794934536,Card,India,Toronto,24,Male,2023-08-30,2023-02-21,30.38382147598813,3,No,2,Desktop,88.72119100660814,16.74543020817864,119.10501248259627,2023,2,21,1,8,-190,0.18874217104379726,1092.5907333258413,0,2023-01,2023-02
3006,10056,345,Phone,Electronics,4,749.1480087407232,0.05165924382708992,Card,Canada,London,25,Female,2023-06-30,2023-08-04,28.9863752669715,5,Yes,4,Mobile,2841.790356378429,296.7051949268315,2870.7767316454006,2023,8,4,4,31,35,0.10440784073352684,1304.4583720647793,0,2023-01,2023-08
2184,10116,241,Headphones,Electronics,6,716.780942710815,0.12929511865446094,UPI,USA,Toronto,48,Male,2023-01-14,2023-03-13,11.205446977865028,2,No,1,Desktop,3744.6279940425825,404.6304647971936,3755.8334410204475,2023,3,13,0,11,58,0.1080562516332543,1636.8606134560243,1,2023-02,2023-03
4327,10153,324,Tablet,Accessories,4,249.80948812061186,0.1531560783896534,UPI,UK,New York,29,Male,2023-06-29,2023-01-28,31.605930758777635,3,No,4,Desktop,846.198586302129,224.60230077243745,877.8045170609066,2023,1,28,5,4,-152,0.2654250484557591,1189.003784159761,0,2023-01,2023-01
4394,10168,366,Tablet,Accessories,9,754.3914363896729,0.042177575452009675,Card,UK,Mumbai,48,Female,2023-10-19,2023-09-09,19.16535306726311,4,Yes,2,Mobile,6503.157311948977,1440.6802866554413,6522.32266501624,2023,9,9,5,36,-40,0.22153551229774476,3779.6119602690846,1,2023-02,2023-09
1127,10034,440,Tablet,Accessories,5,919.484065431682,0.1274350024572559,Cash,India,Toronto,61,Male,2023-09-21,2023-02-04,7.355694506432109,6,Yes,1,Desktop,4011.5480564699396,821.439142527398,4018.9037509763716,2023,2,4,5,5,-229,0.204768615747369,2765.930124409759,1,2023-02,2023-02
3065,10062,479,Tablet,Electronics,8,125.86837834174767,0.10252465269777818,Card,Canada,New York,36,Male,2023-06-17,2023-07-20,47.689527096795416,5,No,4,Mobile,903.7101325330195,261.05512255571966,951.399659629815,2023,7,20,3,29,33,0.28887041669435004,2209.032053150145,0,2023-01,2023-07
2816,10024,387,Laptop,Electronics,9,247.98390561903946,0.055027093049386806,Cash,UK,New York,27,Male,2023-08-02,2023-09-06,33.86706660789295,4,No,1,Desktop,2109.042649528112,283.92565954443097,2142.909716136005,2023,9,6,2,36,35,0.13462300518576897,1066.911519630302,0,2023-03,2023-09
2758,10089,218,Laptop,Electronics,5,755.2555782055692,0.0020522244445090655,Card,Canada,Mumbai,56,Male,2023-05-30,2023-04-09,44.461351934188116,2,Yes,2,Desktop,3768.52812123062,571.2868848653935,3812.9894731648083,2023,4,9,6,14,-51,0.1515941679317597,2664.1859989506265,1,2023-01,2023-04
3613,10074,267,Monitor,Electronics,6,289.0165400369367,0.1401053599565225,UPI,Canada,Mumbai,29,Female,2023-01-16,2023-11-04,35.42252022559639,5,No,4,Mobile,1491.1426419700379,374.79544587745266,1526.5651621956342,2023,11,4,5,44,292,0.25134781564712544,2324.374232591874,0,2023-01,2023-11
1569,10037,417,Phone,Accessories,1,632.1706947980424,0.2056955247795598,Cash,UK,New York,37,Female,2023-04-01,2023-05-20,21.064266146305084,5,Yes,2,Mobile,502.13601198130016,128.06830634097176,523.2002781276052,2023,5,20,5,20,49,0.25504704559158586,2866.9756595223207,0,2023-01,2023-05
2346,10129,301,Headphones,Electronics,7,99.54093997444022,0.06788320024314211,UPI,Canada,New York,54,Female,2023-04-30,2023-03-24,28.070963254796514,7,Yes,4,Desktop,649.486476896353,117.54369841373199,677.5574401511495,2023,3,24,4,12,-37,0.1809794392878329,2377.7899734063253,0,2023-01,2023-03
2895,10134,241,Headphones,Electronics,4,463.15842952146795,0.039542048969003804,UPI,UK,Toronto,58,Female,2023-09-10,2023-02-17,35.40860421562297,1,No,3,Desktop,1779.3767848836926,516.3674683943973,1814.7853890993156,2023,2,17,4,7,-205,0.290195686928752,2089.605387541751,0,2023-02,2023-02
3733,10161,487,Laptop,Electronics,2,744.309593553094,0.26611282333408853,UPI,India,New York,24,Female,2023-03-01,2023-10-05,48.21135463406469,4,Yes,3,Desktop,1092.4785323560645,314.2524500433322,1140.6898869901293,2023,10,5,3,40,218,0.2876509155430341,4026.724557980556,0,2023-03,2023-10
4863,10090,366,Headphones,Accessories,5,692.7836641823875,0.08250743174633933,UPI,USA,New York,31,Male,2023-09-23,2023-09-05,16.415125660476342,5,No,3,Mobile,3178.1193164744013,325.6998426763674,3194.5344421348777,2023,9,5,1,36,-18,0.10248194301203191,2683.2142995298022,1,2023-05,2023-09
1625,10016,308,Laptop,Accessories,3,818.7706586622907,0.06708378593779943,UPI,USA,Toronto,28,Male,2023-01-31,2023-06-26,44.3739676380853,8,No,3,Mobile,2291.5332691933154,308.1323512041451,2335.9072368314005,2023,6,26,0,26,146,0.134465580468145,1906.2916662647992,0,2023-04,2023-06
4359,10127,235,Monitor,Electronics,6,879.9030840711055,0.25712908188297473,Card,India,London,24,Male,2023-01-21,2023-02-21,46.58350123824212,8,No,3,Mobile,3921.9264715074246,1035.5607153077456,3968.509972745667,2023,2,21,1,8,31,0.2640438883367743,2609.331579175561,1,2023-02,2023-02
3901,10170,431,Phone,Electronics,8,777.719831233583,0.24513212975002838,Cash,UK,Toronto,46,Male,2023-08-07,2023-03-20,35.16869815965305,1,No,2,Mobile,4696.605701235697,784.5366887442017,4731.77439939535,2023,3,20,0,12,-140,0.16704333696520166,2586.021855489901,1,2023-01,2023-03
2686,10186,428,Monitor,Accessories,7,678.1559880801475,0.1345039411573901,Card,UK,Toronto,27,Female,2023-03-22,2023-11-18,46.9069982330602,5,Yes,3,Desktop,4108.589344747185,489.3023233801464,4155.496342980246,2023,11,18,5,46,241,0.11909253573996569,1749.491036081567,1,2023-03,2023-11
4009,10107,363,Tablet,Accessories,3,51.088041979710525,0.14677165842833234,Card,UK,Mumbai,46,Female,2023-10-16,2023-03-05,22.90453643648158,1,No,2,Desktop,130.76929599747646,33.60768747934209,153.67383243395804,2023,3,5,6,9,-225,0.25699983488471667,1498.903676901721,0,2023-01,2023-03
4710,10178,272,Tablet,Accessories,8,544.2673399412552,0.06532461145020658,Card,UK,Toronto,26,Male,2023-01-31,2023-01-08,47.88572792181992,1,No,3,Desktop,4069.706299476441,776.9749012031468,4117.592027398261,2023,1,8,6,1,-23,0.1909167011150419,2488.30654450706,1,2023-01,2023-01
1154,10181,335,Tablet,Accessories,2,56.943770416555736,0.02349050114386725,UPI,India,New York,53,Female,2023-08-22,2023-08-02,36.625229472468874,2,Yes,1,Desktop,111.21226542489903,22.07365036454456,147.8374948973679,2023,8,2,2,31,-20,0.19848215734307437,1242.2955314148962,0,2023-03,2023-08
3537,10151,269,Monitor,Accessories,9,811.9064607737022,0.1720295476066983,Card,USA,New York,27,Male,2023-02-05,2023-01-25,6.890259533846535,2,No,3,Desktop,6050.111036650619,830.5222028991715,6057.001296184466,2023,1,25,2,4,-11,0.13727387776323424,1554.3242325916247,1,2023-01,2023-01
2409,10024,395,Headphones,Accessories,4,334.3100339707584,0.029503476477063938,Cash,Canada,New York,36,Male,2023-05-12,2023-09-13,45.809277431857375,9,No,1,Mobile,1297.7869029898227,301.31887934952084,1343.5961804216802,2023,9,13,2,37,124,0.23217901078778555,1066.911519630302,0,2023-03,2023-09
1784,10198,468,Phone,Accessories,1,571.1807866355625,0.13478236408699493,Card,Canada,London,48,Female,2023-11-20,2023-08-31,26.801276406493667,4,No,2,Mobile,494.19568989175195,103.90378569046435,520.9969662982456,2023,8,31,3,35,-81,0.21024826362452353,2903.90838895423,0,2023-08,2023-08
4175,10179,248,Tablet,Accessories,8,293.85640117252456,0.2821491595539032,UPI,USA,New York,34,Female,2023-12-12,2023-07-17,25.714714315002478,3,No,3,Desktop,1687.560516417297,238.51066956669226,1713.2752307322996,2023,7,17,0,29,-148,0.14133458755781517,1092.5907333258413,0,2023-01,2023-07
4464,10197,329,Tablet,Electronics,7,786.8501414926877,0.2858503167511753,Cash,India,London,26,Female,2023-05-12,2023-04-04,30.490997269083543,1,Yes,4,Desktop,3933.5014551790714,661.0890422556888,3963.992452448155,2023,4,4,1,14,-38,0.16806630168784137,2593.5554779252766,1,2023-01,2023-04
4882,10087,204,Tablet,Electronics,5,888.7724761090645,0.07179968596420758,Cash,Canada,New York,62,Female,2023-01-09,2023-07-26,11.722304604705258,2,Yes,2,Desktop,4124.794457154012,904.880320914257,4136.516761758718,2023,7,26,2,30,198,0.2193758574672344,2239.3537908479384,1,2023-07,2023-07
1245,10160,226,Phone,Electronics,5,410.6696443288027,0.18723402601369632,Cash,USA,Toronto,50,Female,2023-01-30,2023-01-15,26.112472185532937,6,No,3,Desktop,1668.891567297541,475.5914583138092,1695.004039483074,2023,1,15,6,2,-15,0.284974451086682,2873.529270375876,0,2023-01,2023-01
4247,10176,359,Tablet,Electronics,7,865.6639456407692,0.1422228792323573,Cash,India,Mumbai,51,Female,2023-04-25,2023-06-27,42.40072475229856,9,Yes,2,Desktop,5197.827087908673,1476.5741337451816,5240.227812660972,2023,6,27,1,26,63,0.28407527006429834,2068.1324606578996,1,2023-03,2023-06
4110,10028,348,Phone,Electronics,5,281.73350730720574,0.26270553827583176,Card,Canada,New York,62,Female,2023-10-28,2023-03-16,5.69671066118819,5,Yes,4,Desktop,1038.6027730986414,163.66425144960377,1044.2994837598296,2023,3,16,3,11,-226,0.1575811808794966,1891.9812460275123,0,2023-02,2023-03
2500,10062,463,Tablet,Electronics,8,543.9677046140133,0.08142925928281597,UPI,UK,London,41,Male,2023-01-04,2023-04-14,17.281272214596708,4,Yes,3,Desktop,3997.382538828165,987.8499442214296,4014.6638110427616,2023,4,14,4,15,100,0.24712419555197698,2209.032053150145,1,2023-01,2023-04
2705,10149,429,Monitor,Accessories,6,861.5862012419299,0.0011107220497250548,Cash,UK,London,26,Female,2023-11-21,2023-10-21,5.11045638997299,5,Yes,4,Desktop,5163.77531070283,1317.2987872678443,5168.885767092803,2023,10,21,5,42,-31,0.25510381610476185,2853.116082772503,1,2023-02,2023-10
3806,10153,399,Monitor,Accessories,5,339.3637157634746,0.04876836177942453,Cash,India,Mumbai,24,Male,2023-08-25,2023-06-17,23.707008911743173,9,No,3,Mobile,1614.0675164915583,422.50577010320245,1637.7745254033016,2023,6,17,5,24,-69,0.261764619996559,1189.003784159761,0,2023-01,2023-06
1537,10155,249,Phone,Electronics,9,954.961419776524,0.10485684035081941,UPI,UK,New York,33,Male,2023-01-23,2023-04-25,37.77419797221806,7,Yes,1,Desktop,7693.444643776427,1647.5700728758168,7731.218841748645,2023,4,25,1,17,92,0.214152456950296,7731.218841748645,1,2023-04,2023-04
2890,10113,266,Monitor,Electronics,2,139.44191174575596,0.09471633893114657,Card,India,Toronto,36,Female,2023-01-16,2023-02-08,40.94473231015829,8,No,2,Desktop,252.4689687432758,25.777485563079427,293.4137010534341,2023,2,8,2,6,23,0.10210159961991756,955.6467912053467,0,2023-02,2023-02
2841,10048,499,Phone,Accessories,1,37.909568329036105,0.23740887573686575,Cash,USA,New York,56,Male,2023-01-22,2023-12-30,47.53353925071529,4,No,4,Mobile,28.909500332369753,7.294886198690271,76.44303958308504,2023,12,30,5,52,342,0.2523352570892497,1617.7395766141738,0,2023-01,2023-12
1920,10198,257,Monitor,Accessories,8,906.0526455266269,0.20416819984165133,Card,USA,New York,23,Female,2023-03-13,2023-09-30,32.38270758368539,8,Yes,2,Mobile,5768.524063421517,699.8343972301465,5800.906771005202,2023,9,30,5,39,201,0.12131948996587001,2903.90838895423,1,2023-08,2023-09
3455,10080,458,Monitor,Accessories,3,87.2756928249148,0.08986689588446918,Card,Canada,Mumbai,28,Male,2023-10-31,2023-05-15,16.458208999380297,6,No,4,Desktop,238.2974916737198,29.39978080432244,254.7557006731001,2023,5,15,0,20,-169,0.12337427724408037,2293.8230466527907,0,2023-01,2023-05
1524,10083,329,Phone,Electronics,7,992.0514120285419,0.13732314514986402,Card,India,New York,29,Male,2023-08-18,2023-08-20,46.58665771115145,5,Yes,2,Mobile,5990.738543848933,1324.7018240495352,6037.325201560084,2023,8,20,6,33,2,0.22112496052923053,2613.2802426810276,1,2023-02,2023-08
3875,10104,414,Headphones,Accessories,8,952.368924739524,0.028667731187500566,Card,Canada,Toronto,59,Male,2023-04-17,2023-02-08,39.88920892461692,7,No,2,Mobile,7400.533347310099,2195.7686174533196,7440.4225562347165,2023,2,8,2,6,-68,0.2967041042050603,4169.8114415774935,1,2023-01,2023-02
2529,10176,371,Monitor,Electronics,6,154.28049183559426,0.26944393344603024,Cash,Canada,London,30,Female,2023-07-27,2023-10-18,30.849281735141503,6,No,2,Desktop,676.2632955685416,100.43043825609176,707.1125773036831,2023,10,18,2,42,83,0.14850789465315997,2068.1324606578996,0,2023-03,2023-10
3950,10147,457,Tablet,Electronics,9,546.8329331787145,0.28062744733456024,Cash,USA,Mumbai,29,Male,2023-07-27,2023-11-03,36.303809707352116,3,Yes,1,Mobile,3540.389427200715,811.3233450609683,3576.6932369080673,2023,11,3,4,44,99,0.2291621760102415,2307.2970970929723,1,2023-03,2023-11
4896,10117,301,Headphones,Accessories,7,201.22189151780145,0.29394106061428144,Card,Canada,Toronto,38,Male,2023-09-20,2023-02-16,46.594235975334314,5,No,3,Desktop,994.5216071437292,159.85018306917524,1041.1158431190636,2023,2,16,3,7,-216,0.1607307291475202,2545.8154826268365,0,2023-02,2023-02
1035,10085,408,Phone,Accessories,5,439.59206956951743,0.26056584923575127,Card,UK,London,27,Male,2023-02-20,2023-02-05,37.05773128128148,9,Yes,1,Desktop,1625.2469432241737,454.65506811066825,1662.3046745054553,2023,2,5,6,5,-15,0.2797452227221059,2113.945362050333,0,2023-01,2023-02
1684,10062,490,Headphones,Electronics,8,80.19662667463602,0.05218826630886766,UPI,Canada,Mumbai,37,Female,2023-03-06,2023-11-16,21.57685284131303,7,No,2,Desktop,608.0904301173382,132.9914314532189,629.6672829586512,2023,11,16,3,46,255,0.2187033784227728,2209.032053150145,0,2023-01,2023-11
1019,10188,485,Laptop,Accessories,2,239.44609604065772,0.01385894496048865,UPI,India,Mumbai,53,Male,2023-09-22,2023-04-05,37.08626910300935,4,No,4,Mobile,472.2552515492527,66.82197666755994,509.34152065226203,2023,4,5,2,14,-170,0.14149546553129416,1395.6451465491632,0,2023-03,2023-04
3368,10103,315,Laptop,Accessories,7,376.0073404709215,0.1738790182238022,UPI,UK,London,45,Female,2023-12-04,2023-12-27,6.812517323092454,7,Yes,2,Mobile,2174.3928728542637,331.43446485389455,2181.205390177356,2023,12,27,2,52,23,0.15242621008908566,2318.0946497422087,0,2023-01,2023-12
4847,10048,463,Monitor,Electronics,4,449.8745502411337,0.2737815080649331,Cash,USA,London,41,Male,2023-10-28,2023-01-13,22.388700282376156,5,Yes,3,Desktop,1306.8288697443304,243.71854779813614,1329.2175700267067,2023,1,13,4,2,-288,0.1864961460836242,1617.7395766141738,0,2023-01,2023-01
3559,10070,349,Monitor,Accessories,9,977.9463330447153,0.05320540849792286,UPI,India,Toronto,22,Male,2023-06-24,2023-05-26,23.284536433051066,2,Yes,1,Desktop,8333.228690154228,1036.7262515265134,8356.51322658728,2023,5,26,4,21,-29,0.12440871240596255,8356.51322658728,1,2023-05,2023-05
1399,10000,499,Tablet,Electronics,1,811.7083327703016,0.002112874387242558,Cash,UK,New York,54,Male,2023-06-01,2023-03-06,12.50772054893756,6,No,3,Mobile,809.9932950240799,93.75402958002435,822.5010155730174,2023,3,6,0,10,-87,0.11574667365269632,2280.6253023992795,0,2023-01,2023-03
3701,10140,235,Headphones,Electronics,7,742.6617454257073,0.2416488138096733,Cash,India,New York,29,Female,2023-09-23,2023-08-16,6.038846624829658,7,Yes,4,Desktop,3942.3889090723446,930.4521917242346,3948.4277556971742,2023,8,16,2,33,-38,0.23601227914959122,1651.8324020066102,1,2023-01,2023-08
1971,10178,486,Laptop,Accessories,6,546.3004884471347,0.0230387052860202,Cash,UK,New York,52,Male,2023-11-25,2023-08-30,11.002155648698427,8,Yes,3,Mobile,3202.286594977154,581.0005035519215,3213.2887506258526,2023,8,30,2,35,-87,0.18143301241782406,2488.30654450706,1,2023-01,2023-08
2906,10122,407,Monitor,Electronics,8,843.1978053922566,0.12411180957300912,Cash,India,New York,57,Male,2023-10-31,2023-01-08,34.457967310867474,6,Yes,1,Mobile,5908.375999496268,1449.0006077299302,5942.833966807136,2023,1,8,6,1,-296,0.2452451583740554,1844.5432604749508,1,2023-01,2023-01
3518,10183,305,Headphones,Electronics,5,352.53637894259685,0.2036662011566355,UPI,India,New York,19,Male,2023-06-12,2023-10-31,41.10299673636594,8,Yes,4,Mobile,1403.6831693692104,171.26568565799153,1444.7861661055763,2023,10,31,1,44,141,0.12201164008752431,2459.7131068616527,0,2023-01,2023-10
2166,10061,357,Monitor,Accessories,1,714.7211305178497,0.07103927563685404,Card,UK,Toronto,58,Male,2023-12-09,2023-12-07,49.469157172713835,7,No,3,Mobile,663.9478591235082,147.3785708887744,713.4170162962221,2023,12,7,3,49,-2,0.22197310958021912,1593.0100285361386,0,2023-01,2023-12
2115,10031,320,Monitor,Accessories,1,993.9082958706086,0.02518876903401801,Card,USA,Mumbai,62,Female,2023-08-26,2023-02-12,20.586357639882245,2,No,1,Mobile,968.8729693649294,182.78889078285005,989.4593270048117,2023,2,12,6,6,-195,0.18866135867394807,1278.4439727940319,0,2023-02,2023-02
4425,10157,254,Laptop,Accessories,9,328.3363307564948,0.23100636853674858,Card,USA,Toronto,56,Male,2023-07-18,2023-09-01,31.972065001749577,6,No,1,Mobile,2272.396925967806,253.59888541646475,2304.368990969556,2023,9,1,4,35,45,0.11159973089140572,1733.5522609619425,0,2023-05,2023-09
1833,10028,211,Laptop,Electronics,6,680.537184186288,0.18905252546611243,UPI,India,Toronto,59,Male,2023-01-16,2023-06-30,47.17152350668049,9,No,2,Desktop,3311.27946505364,691.9262671425322,3358.45098856032,2023,6,30,4,26,165,0.20896039565519536,1891.9812460275123,1,2023-02,2023-06
2823,10048,344,Monitor,Electronics,5,847.4285668693348,0.29654714534604143,Card,India,Toronto,26,Male,2023-11-05,2023-03-26,12.516880160216868,6,No,3,Desktop,2980.630222397733,347.42480699135325,2993.14710255795,2023,3,26,6,12,-224,0.11656085494290916,1617.7395766141738,0,2023-01,2023-03
3774,10172,335,Phone,Accessories,1,917.4914316836588,0.10329240999598778,UPI,USA,Mumbai,39,Male,2023-10-23,2023-06-04,37.29405138542342,4,No,4,Mobile,822.7215305543845,218.4687246099799,860.0155819398079,2023,6,4,6,22,-141,0.2655439495582016,1182.235004958257,0,2023-02,2023-06
2982,10029,202,Monitor,Electronics,6,723.5740371212997,0.01852871588705991,UPI,USA,Toronto,64,Female,2023-12-22,2023-10-02,38.974042991712345,7,Yes,2,Mobile,4261.002836185357,964.6547940936202,4299.976879177069,2023,10,2,0,40,-81,0.22639149307800577,1701.256007043947,1,2023-04,2023-10
1853,10143,343,Monitor,Accessories,6,297.9357649487935,0.2203050106005887,UPI,Canada,Toronto,22,Male,2023-10-03,2023-01-23,9.003899114120227,3,No,3,Desktop,1393.7941385607303,294.63903064086077,1402.7980376748505,2023,1,23,0,4,-253,0.21139350675208968,1985.1145716480557,0,2023-01,2023-01
1050,10167,229,Tablet,Accessories,3,339.7565085375675,0.1565200256559737,Card,USA,Mumbai,29,Male,2023-08-27,2023-04-25,43.75622233323793,5,Yes,3,Desktop,859.7334333134503,108.92289642207068,903.4896556466882,2023,4,25,1,17,-124,0.1266938008939318,2905.529530566239,0,2023-03,2023-04
4736,10018,436,Tablet,Electronics,8,40.34287148148493,0.06396117941674052,Card,India,Toronto,18,Female,2023-03-10,2023-11-02,41.58972711998798,1,Yes,4,Desktop,302.0999507237693,47.578151037333015,343.6896778437573,2023,11,2,3,44,237,0.1574914227008166,795.1863030287055,0,2023-10,2023-11
4769,10017,478,Tablet,Accessories,1,765.6682581180795,0.2345186967014278,Card,UK,New York,61,Male,2023-10-28,2023-10-26,6.50313529598455,3,Yes,2,Desktop,586.1047361185751,116.38585313779564,592.6078714145597,2023,10,26,3,43,-2,0.19857517942705988,1845.723836886662,0,2023-02,2023-10
1574,10000,314,Phone,Electronics,1,61.88481394071235,0.06112664575498312,Cash,USA,London,39,Male,2023-01-06,2023-04-09,9.098798669602317,8,Yes,2,Desktop,58.10200284134538,13.169208385908608,67.2008015109477,2023,4,9,6,14,93,0.22665670272793761,2280.6253023992795,0,2023-01,2023-04
4261,10077,303,Phone,Electronics,6,867.3593075106908,0.07819849644988097,UPI,Canada,Toronto,55,Male,2023-08-08,2023-04-14,7.210710225133354,9,No,4,Desktop,4797.198682689268,655.5187007845421,4804.409392914401,2023,4,14,4,15,-116,0.13664614374843112,1454.8342602132786,1,2023-01,2023-04
2148,10114,317,Monitor,Accessories,1,136.28740218504802,0.02775856631001574,Cash,Canada,London,36,Female,2023-09-11,2023-02-20,20.0634589309713,9,No,2,Desktop,132.5042592942746,13.485389852786017,152.5677182252459,2023,2,20,0,8,-203,0.10177325562672468,2234.644040762402,0,2023-01,2023-02
3197,10174,204,Tablet,Electronics,6,188.43898189320578,0.11982968370925633,UPI,Canada,Toronto,33,Male,2023-10-22,2023-12-28,27.918004580596676,2,No,1,Desktop,995.150389766692,168.13268592408465,1023.0683943472886,2023,12,28,3,52,67,0.16895203745385912,1864.6007906205282,0,2023-09,2023-12
3361,10193,447,Phone,Accessories,1,486.99594141559254,0.12567876718122567,Card,UK,Toronto,48,Female,2023-12-24,2023-04-22,28.955647757958296,4,Yes,4,Mobile,425.7908918762205,83.69954264703622,454.74653963417876,2023,4,22,5,16,-246,0.19657429091124876,2296.9305727415153,0,2023-01,2023-04
3617,10112,320,Laptop,Electronics,6,743.1228068653675,0.15436853710448953,UPI,USA,New York,20,Female,2023-04-17,2023-09-01,17.04500418962492,5,No,3,Desktop,3770.448157683472,516.1242100468612,3787.4931618730966,2023,9,1,4,35,137,0.1368867011193606,1834.7712572933065,1,2023-02,2023-09
4413,10113,485,Monitor,Electronics,3,156.22216109509614,0.21268928013713323,UPI,USA,Mumbai,40,Female,2023-10-22,2023-06-18,46.02185989521234,3,No,4,Mobile,368.9861463309387,73.21906530559976,415.00800622615105,2023,6,18,6,24,-126,0.19843310117104115,955.6467912053467,0,2023-02,2023-06
3352,10165,348,Headphones,Electronics,8,451.2696535651685,0.27183027860412773,Cash,USA,London,59,Female,2023-04-28,2023-03-13,21.571825544236095,1,No,1,Desktop,2628.807183287684,440.8435296184069,2650.37900883192,2023,3,13,0,11,-46,0.16769717171385373,1885.848265707027,0,2023-02,2023-03
2715,10178,283,Monitor,Accessories,6,493.19424892190267,0.041320229666342585,UPI,UK,Mumbai,35,Female,2023-06-17,2023-05-19,7.049757018440863,6,No,4,Desktop,2836.8920957179816,541.8972648958389,2843.9418527364223,2023,5,19,4,20,-29,0.19101793322128158,2488.30654450706,0,2023-01,2023-05
1681,10062,430,Headphones,Electronics,1,228.03992883521948,0.016304429504597116,Card,UK,New York,43,Female,2023-09-08,2023-12-02,18.510220019362386,2,No,3,Desktop,224.3218678912923,38.020661113748616,242.83208791065468,2023,12,2,5,48,85,0.1694915501157188,2209.032053150145,0,2023-01,2023-12
1837,10131,487,Tablet,Accessories,5,133.2472091470191,0.0055593700782999855,UPI,India,New York,30,Female,2023-03-23,2023-08-19,28.899924014487,9,No,3,Desktop,662.532192997351,149.5292558492508,691.432117011838,2023,8,19,5,33,149,0.22569356995736004,1335.2107150045072,0,2023-03,2023-08
4854,10128,360,Headphones,Electronics,8,839.6925045259268,0.04308641342064488,UPI,Canada,London,35,Male,2023-02-23,2023-08-27,23.36998201647044,1,Yes,4,Desktop,6428.105329037648,697.9598338972777,6451.475311054118,2023,8,27,6,34,185,0.10857940219871434,3369.9082408214817,1,2023-01,2023-08
2077,10007,471,Tablet,Electronics,3,512.4163367675103,0.19738484573448778,UPI,Canada,Mumbai,20,Male,2023-08-28,2023-09-10,17.32291335946666,9,Yes,4,Mobile,1233.8193515484718,165.5551859578966,1251.1422649079384,2023,9,10,6,36,13,0.1341810579888547,2100.338497174657,0,2023-04,2023-09
4050,10156,237,Laptop,Accessories,6,34.093611264469914,0.218243123398949,Cash,USA,New York,40,Female,2023-01-12,2023-02-18,10.909546239394285,7,No,1,Desktop,159.91749032497444,29.832635617333953,170.8270365643687,2023,2,18,5,7,37,0.1865501738221999,1259.3576749076449,0,2023-02,2023-02
3491,10054,425,Headphones,Accessories,5,806.9216752829218,0.23595171405843662,UPI,UK,Toronto,20,Female,2023-07-28,2023-10-30,41.86240250433034,2,Yes,1,Mobile,3082.6356144450556,527.9301503784961,3124.498016949386,2023,10,30,0,44,94,0.17125934311037133,1940.9416434274935,0,2023-02,2023-10
3660,10102,341,Monitor,Accessories,6,981.1779293062931,0.0731124635713028,UPI,UK,Toronto,42,Female,2023-06-14,2023-03-13,49.826535895588634,6,Yes,3,Mobile,5456.649562157522,973.0646244122102,5506.476098053111,2023,3,13,0,11,-93,0.1783263911907634,3516.9420584314985,1,2023-02,2023-03
4040,10130,491,Tablet,Accessories,1,613.8076715059624,0.09176844397845597,Cash,USA,Toronto,44,Female,2023-10-21,2023-09-20,19.82939600857469,8,No,2,Desktop,557.479496589821,145.363971171113,577.3088925983957,2023,9,20,2,38,-31,0.26075213897609595,2243.7020175982025,0,2023-04,2023-09
3311,10031,350,Monitor,Accessories,7,513.6342193423893,0.14494039366964984,Cash,USA,Mumbai,61,Female,2023-01-07,2023-11-18,22.172946987947178,2,Yes,2,Mobile,3074.315113720901,852.404073915927,3096.4880607088485,2023,11,18,5,46,315,0.2772663316494731,1278.4439727940319,0,2023-02,2023-11
4124,10009,313,Phone,Electronics,9,880.8475457840624,0.01895492905806795,Cash,India,Toronto,44,Female,2023-03-19,2023-08-10,32.811688610463065,5,No,2,Desktop,7777.36028738477,1164.5333730357336,7810.171975995233,2023,8,10,3,32,144,0.149733756699514,2573.649059315093,1,2023-01,2023-08
2595,10109,436,Tablet,Electronics,2,953.4664538909067,0.18334245696337384,Cash,Canada,Toronto,56,Male,2023-03-06,2023-03-18,37.329866363099356,6,Yes,2,Desktop,1557.311143204785,416.2353379726242,1594.6410095678843,2023,3,18,5,11,12,0.2672782120572611,1721.8657859198647,0,2023-03,2023-03
4051,10161,265,Headphones,Accessories,5,759.4461775844113,0.29512051010272733,Card,Canada,New York,42,Male,2023-04-12,2023-03-03,22.641329066161607,3,No,3,Desktop,2676.590171300667,513.2575059557724,2699.2315003668286,2023,3,3,4,9,-40,0.19175797305807157,4026.724557980556,0,2023-03,2023-03
4691,10123,457,Tablet,Electronics,4,456.5438711396021,0.10824189341340076,Card,Canada,New York,41,Female,2023-12-23,2023-06-06,45.72182826418169,2,Yes,2,Mobile,1628.5067924046718,252.03442692208006,1674.2286206688536,2023,6,6,1,23,-200,0.15476412385724417,1466.1552552821329,0,2023-02,2023-06
1004,10086,448,Monitor,Electronics,6,600.3769713448116,0.22585424252741518,UPI,India,Toronto,25,Female,2023-10-27,2023-10-21,30.200179515301325,6,Yes,2,Desktop,2788.6757115049536,828.4910531436648,2818.875891020255,2023,10,21,5,42,-6,0.29709121420093565,2139.3497375208526,0,2023-10,2023-10
2126,10054,379,Laptop,Electronics,6,706.9166577176393,0.15001017467088237,Card,USA,Toronto,26,Female,2023-10-14,2023-05-05,25.267553438266894,3,Yes,4,Mobile,3605.231798493959,955.2435090360443,3630.499351932226,2023,5,5,4,18,-162,0.26496035828683345,1940.9416434274935,1,2023-02,2023-05
2219,10031,389,Tablet,Accessories,2,210.3880995817654,0.03834355330811482,UPI,USA,New York,63,Male,2023-06-20,2023-08-17,34.10027389219573,2,Yes,2,Desktop,404.642144540118,120.92757350427303,438.74241843231374,2023,8,17,3,33,58,0.2988506638173072,1278.4439727940319,0,2023-02,2023-08
1773,10177,353,Headphones,Electronics,2,458.25701157210926,0.17467123464077589,Card,Canada,London,54,Female,2023-03-18,2023-12-06,47.87617317121279,1,No,4,Desktop,756.4253871560331,101.08729456104719,804.301560327246,2023,12,6,2,49,263,0.13363815688565092,2551.775995472861,0,2023-04,2023-12
1876,10134,395,Phone,Electronics,4,833.2248394229393,0.08996228053321949,Cash,Canada,Mumbai,47,Male,2023-02-17,2023-06-10,40.754853248976744,8,Yes,3,Mobile,3033.0641306861044,390.56322403125574,3073.818983935081,2023,6,10,5,23,113,0.12876853478957173,2089.605387541751,0,2023-02,2023-06
1991,10092,461,Laptop,Electronics,1,661.6308415284741,0.010320962536037469,Cash,India,Mumbai,36,Male,2023-09-12,2023-01-29,6.800590874080595,1,No,4,Mobile,654.8021744003718,131.40281306665636,661.6027652744524,2023,1,29,6,4,-226,0.20067559058884787,1788.6058440859722,0,2023-01,2023-01
3931,10007,342,Phone,Accessories,9,422.979985867617,0.19047891903532313,Card,UK,New York,33,Male,2023-03-23,2023-04-24,19.953945983298183,5,No,1,Mobile,3081.700938473794,701.7919087771628,3101.654884457092,2023,4,24,0,17,32,0.22772875200691076,2100.338497174657,0,2023-04,2023-04
4421,10064,300,Tablet,Electronics,7,670.0952833343878,0.25767970479741825,Card,UK,Mumbai,41,Female,2023-07-28,2023-03-20,26.174510822805022,6,Yes,4,Mobile,3481.9772997704827,467.323201796602,3508.151810593288,2023,3,20,0,12,-130,0.13421201850667033,2380.062639211501,1,2023-01,2023-03
1046,10056,443,Monitor,Electronics,7,135.8579638310107,0.10343093006996225,UPI,Canada,New York,61,Female,2023-07-28,2023-01-23,19.153290749409734,3,Yes,2,Mobile,852.6423379219057,231.99215708393498,871.7956286713154,2023,1,23,0,4,-186,0.2720861336177085,1304.4583720647793,0,2023-01,2023-01
3914,10066,211,Monitor,Accessories,3,413.46765835357877,0.11708866416383114,UPI,India,New York,38,Male,2023-03-25,2023-04-16,36.50844023737054,7,No,4,Mobile,1095.1658476860327,226.04518323675475,1131.6742879234032,2023,4,16,6,15,22,0.20640269573267267,2041.7879172047167,0,2023-02,2023-04
3870,10186,438,Headphones,Accessories,3,797.2659672037953,0.26730650489016344,UPI,Canada,New York,53,Male,2023-01-10,2023-05-11,42.182111743816144,2,Yes,4,Desktop,1752.4547641280192,319.276871094207,1794.6368758718354,2023,5,11,3,19,121,0.1821883666441295,1749.491036081567,0,2023-03,2023-05
3983,10071,248,Monitor,Electronics,1,236.09861139391506,0.24408264401020677,Cash,UK,New York,57,Male,2023-01-29,2023-12-23,37.91052928333722,7,No,3,Mobile,178.47103807774997,39.336932604937374,216.38156736108718,2023,12,23,5,51,328,0.22041073458540902,1363.075695726296,0,2023-01,2023-12
4891,10053,241,Laptop,Electronics,3,202.24227740626935,0.21448584706553314,Cash,Canada,London,56,Male,2023-10-31,2023-06-22,49.51999790727238,2,Yes,3,Desktop,476.59251367296946,108.18208859358664,526.1125115802419,2023,6,22,3,25,-131,0.22699074259445784,2688.867835722876,0,2023-05,2023-06
3703,10066,365,Monitor,Accessories,3,951.8022867181028,0.07463911912594437,Cash,UK,Toronto,64,Female,2023-04-26,2023-09-21,17.26464415518631,5,No,2,Desktop,2642.2818073662124,286.8372777372045,2659.546451521399,2023,9,21,3,38,148,0.10855665619675883,2041.7879172047167,0,2023-02,2023-09
1268,10050,281,Headphones,Accessories,4,225.6996769945061,0.27306499648999333,Cash,UK,Toronto,23,Male,2023-09-26,2023-12-08,44.374527276098966,7,Yes,1,Desktop,656.2759819528346,196.8687065331424,700.6505092289336,2023,12,8,4,49,73,0.2999785333410099,1566.9430894695204,0,2023-01,2023-12
1369,10096,490,Tablet,Accessories,4,275.7002080571647,0.0463247272617639,UPI,UK,London,22,Female,2023-02-16,2023-10-12,39.498019932851875,3,Yes,1,Desktop,1051.7138844516198,181.7192427949669,1091.2119043844716,2023,10,12,3,41,238,0.1727839153608951,3150.147465999525,0,2023-03,2023-10
1635,10091,357,Tablet,Accessories,3,970.2236201262511,0.18803115582516655,Cash,USA,Mumbai,31,Male,2023-12-25,2023-01-02,21.298044090116576,4,No,4,Desktop,2363.3740542751043,265.427064415163,2384.672098365221,2023,1,2,0,1,-357,0.11230852938197926,2574.437131377038,0,2023-01,2023-01
2129,10007,415,Monitor,Accessories,8,740.0143988597251,0.00864035416395561,Cash,USA,Mumbai,62,Female,2023-04-01,2023-08-21,38.03560446456359,1,No,1,Mobile,5868.963298937203,1587.347016211948,5906.998903401766,2023,8,21,0,34,142,0.27046463495510303,2100.338497174657,1,2023-04,2023-08
2693,10161,357,Phone,Accessories,8,705.6046023630577,0.19311594189748374,Cash,Canada,Toronto,59,Male,2023-02-22,2023-09-08,9.683418038821113,3,No,3,Desktop,4554.7288397641305,1360.059047302974,4564.412257802952,2023,9,8,4,36,198,0.29860373584246247,4026.724557980556,1,2023-03,2023-09
2682,10034,333,Tablet,Accessories,1,855.8678561774897,0.08314330556200795,Cash,UK,Mumbai,21,Female,2023-08-06,2023-11-17,40.52000670532485,9,Yes,2,Desktop,784.708173490624,206.59145628515975,825.2281801959488,2023,11,17,4,46,103,0.263271701843218,2765.930124409759,0,2023-02,2023-11
1656,10095,266,Monitor,Electronics,7,133.50662059205837,0.134903093155116,Card,USA,Toronto,25,Female,2023-12-14,2023-04-18,28.954877116419617,5,Yes,2,Desktop,808.4731516225222,218.5921394400584,837.4280287389419,2023,4,18,1,16,-240,0.27037649797196917,1862.8198283528861,0,2023-04,2023-04
1119,10087,206,Headphones,Accessories,2,711.8371118484071,0.10357936561711592,UPI,Canada,Toronto,41,Female,2023-03-18,2023-10-03,18.153057771916394,8,Yes,3,Mobile,1276.2109507608582,287.38614452260816,1294.3640085327745,2023,10,3,1,40,199,0.22518702284389017,2239.3537908479384,0,2023-07,2023-10
1830,10077,213,Monitor,Accessories,1,513.6148371416741,0.051827026873862966,UPI,Canada,London,28,Male,2023-07-23,2023-06-29,34.509978580288106,2,Yes,2,Mobile,486.99570717431783,138.53329015956473,521.5056857546059,2023,6,29,3,26,-24,0.28446511564418653,1454.8342602132786,0,2023-01,2023-06
2810,10031,272,Tablet,Electronics,3,832.5676274784571,0.18659423702816222,Cash,Canada,Mumbai,34,Female,2023-02-13,2023-08-01,33.87289994214841,3,No,4,Mobile,2031.6459187643013,217.6862084283614,2065.5188187064496,2023,8,1,1,31,169,0.10714771034549352,1278.4439727940319,0,2023-02,2023-08
4675,10119,362,Headphones,Accessories,4,517.9788842918904,0.2645926665421822,Card,Canada,London,38,Male,2023-06-05,2023-10-20,14.426880022381987,7,No,2,Mobile,1523.7018803382184,386.02190637052155,1538.1287603606004,2023,10,20,4,42,137,0.2533447725908402,2886.0770398521227,0,2023-01,2023-10
2081,10045,265,Monitor,Accessories,6,627.8365271835339,0.28772527268472103,UPI,Canada,Toronto,43,Female,2023-01-02,2023-03-13,6.367883666518676,4,Yes,1,Desktop,2683.15254718934,628.2388262350377,2689.5204308558586,2023,3,13,0,11,70,0.23414204566681507,1533.1713637498128,0,2023-02,2023-03
2974,10143,329,Laptop,Electronics,5,488.1872838715452,0.05770390894617452,UPI,India,Toronto,60,Female,2023-12-23,2023-10-10,24.513016410575325,9,Yes,2,Mobile,2300.084846471707,252.81841251017144,2324.5978628822822,2023,10,10,1,41,-74,0.10991699410480045,1985.1145716480557,0,2023-01,2023-10
2369,10195,405,Headphones,Accessories,4,488.59574508472724,0.215211832218892,Cash,UK,Toronto,61,Male,2023-11-09,2023-06-24,30.628034120498956,7,Yes,2,Desktop,1533.7766382827535,320.2444572837118,1564.4046724032526,2023,6,24,5,25,-138,0.20879471579529585,1446.9719914795533,0,2023-03,2023-06
1740,10164,475,Laptop,Electronics,8,772.6105785005949,0.1993018099817047,Cash,Canada,New York,62,Female,2023-02-26,2023-05-03,44.44723752667693,1,No,3,Mobile,4949.023134355315,1004.7114267844802,4993.470371881992,2023,5,3,2,18,66,0.20301206915157388,3568.7536886548314,1,2023-03,2023-05
4545,10181,455,Phone,Electronics,4,635.9950726343376,0.10301333687237176,UPI,India,New York,44,Female,2023-10-17,2023-08-15,46.769755804141745,4,No,3,Mobile,2281.916391871552,543.7962959358241,2328.686147675694,2023,8,15,1,33,-63,0.23830684501539534,1242.2955314148962,0,2023-03,2023-08
1116,10141,465,Headphones,Electronics,2,640.5979375772222,0.005729759806117751,UPI,UK,New York,33,Male,2023-02-27,2023-10-28,28.796234817054486,6,Yes,1,Mobile,1273.8549305252204,147.13824724230702,1302.651165342275,2023,10,28,5,43,243,0.11550628232183453,1303.3204510999954,0,2023-02,2023-10
2853,10054,224,Laptop,Electronics,3,461.2768341548953,0.20693737419385982,Card,USA,London,43,Female,2023-09-11,2023-03-24,38.92115676958452,6,No,3,Mobile,1097.4642519552742,286.4993611467069,1136.3854087248587,2023,3,24,4,12,-171,0.2610557570656824,1940.9416434274935,0,2023-02,2023-03
3838,10175,480,Tablet,Accessories,6,540.487306410777,0.28364845816785006,UPI,Canada,Toronto,50,Female,2023-06-29,2023-09-10,24.768647254759863,6,Yes,1,Desktop,2323.073491728395,297.0762373313641,2347.8421389831547,2023,9,10,6,36,73,0.12788068840230093,1508.8061199860144,0,2023-02,2023-09
2150,10006,452,Tablet,Electronics,8,750.8033128806916,0.1896360365746954,UPI,India,Mumbai,48,Female,2023-06-06,2023-05-26,38.573697045780186,5,Yes,4,Mobile,4867.39158703077,894.3000821734386,4905.96528407655,2023,5,26,4,21,-11,0.1837329226923745,3219.395486351179,1,2023-03,2023-05
4464,10073,488,Phone,Electronics,8,829.4221007296799,0.13058781725629023,Cash,USA,London,64,Female,2023-02-04,2023-04-30,14.216068622262512,3,No,1,Desktop,5768.877432090113,1593.6962427385813,5783.093500712375,2023,4,30,6,17,85,0.2762576015003272,3163.721481794248,1,2023-04,2023-04
2931,10006,363,Headphones,Accessories,9,702.6301741011653,0.15754616823348852,UPI,India,London,23,Male,2023-03-16,2023-03-06,21.697913066158915,2,No,2,Desktop,5327.401342376679,1129.9754997499203,5349.0992554428385,2023,3,6,0,10,-10,0.21210632109909927,3219.395486351179,1,2023-03,2023-03
2012,10160,294,Headphones,Electronics,7,925.5915290687694,0.059888642297975254,Cash,UK,London,61,Female,2023-10-16,2023-10-08,33.540259946612665,3,No,1,Desktop,6091.113763492337,1071.5376642028527,6124.6540234389495,2023,10,8,6,40,-8,0.17591818275094687,2873.529270375876,1,2023-01,2023-10
2664,10150,469,Headphones,Electronics,2,823.9176063842569,0.22516324912612126,UPI,UK,Mumbai,25,Female,2023-03-16,2023-10-10,5.817108452318547,9,No,4,Desktop,1276.803282237122,139.98928439477473,1282.6203906894405,2023,10,10,1,41,208,0.10964044840916737,1289.8743922165188,0,2023-01,2023-10
2081,10084,309,Phone,Electronics,8,570.6265140133281,0.2239259490029547,UPI,USA,Toronto,24,Female,2023-11-25,2023-04-16,37.51075896525293,3,Yes,2,Desktop,3542.787442693166,830.6231792288022,3580.298201658419,2023,4,16,6,15,-223,0.23445470344034433,2181.3222279577017,1,2023-01,2023-04
1633,10146,437,Headphones,Electronics,7,677.9779511908621,0.04365519011622748,UPI,India,New York,51,Female,2023-03-19,2023-10-27,42.5990975570675,3,No,1,Desktop,4538.664863859102,1349.3875144362605,4581.26396141617,2023,10,27,4,43,222,0.29730935306135675,2867.4049116280626,1,2023-05,2023-10
1512,10111,224,Tablet,Accessories,8,927.7821113827721,0.2633935147498977,Card,Canada,Toronto,61,Female,2023-09-12,2023-04-17,22.961374749227815,1,No,3,Desktop,5467.282561148661,1543.7379661648376,5490.243935897889,2023,4,17,0,16,-148,0.2823592797516766,3608.2226463497304,1,2023-04,2023-04
4822,10124,340,Laptop,Electronics,3,626.7846833581972,0.08075692184199158,Cash,Canada,Toronto,31,Female,2023-09-22,2023-02-05,25.157408772972396,2,No,3,Mobile,1728.5024450174456,420.81984927916324,1753.6598537904179,2023,2,5,6,5,-229,0.24345921551468558,1907.9085217874017,0,2023-02,2023-02
3849,10146,316,Tablet,Accessories,7,828.310809020234,0.29467681828098446,Card,USA,London,33,Female,2023-10-31,2023-05-27,43.307699549743894,3,No,3,Desktop,4089.587706892823,495.07964643870656,4132.895406442567,2023,5,27,5,21,-157,0.12105857165118901,2867.4049116280626,1,2023-05,2023-05
2119,10035,224,Tablet,Accessories,9,695.0342935181874,0.11487090421117374,UPI,USA,London,60,Female,2023-03-08,2023-09-19,39.904458589671506,2,Yes,1,Mobile,5536.755681875809,818.8198277082823,5576.660140465481,2023,9,19,1,38,195,0.14788801868007884,2659.04872080023,1,2023-03,2023-09
4709,10028,278,Laptop,Electronics,3,560.8976338392572,0.05336521762034989,Card,USA,London,26,Male,2023-08-09,2023-06-08,17.966727006501877,8,Yes,1,Mobile,1592.8956286400578,218.81576012457018,1610.8623556465598,2023,6,8,3,23,-62,0.1373698038906574,1891.9812460275123,0,2023-02,2023-06
2141,10187,267,Tablet,Electronics,6,257.00143150704605,0.10551603340369568,Cash,India,New York,27,Male,2023-06-13,2023-09-22,19.578924795269252,6,No,4,Desktop,1379.301959252106,235.98798329392636,1398.8808840473753,2023,9,22,4,38,101,0.17109232805112906,1079.367572384611,0,2023-07,2023-09
1559,10081,372,Phone,Electronics,2,437.47756907905955,0.13205409860915793,UPI,Canada,New York,34,Male,2023-08-08,2023-07-21,35.54952045757685,7,No,2,Desktop,759.4137260651975,111.71237570846291,794.9632465227743,2023,7,21,4,29,-18,0.1471034455583071,1453.377599871385,0,2023-04,2023-07
4672,10001,211,Laptop,Electronics,2,968.3879683370413,0.020792331911488448,Card,Canada,New York,29,Male,2023-06-21,2023-06-04,30.343914160167255,1,Yes,2,Mobile,1896.5058485605712,282.36675263690154,1926.8497627207385,2023,6,4,6,22,-17,0.14888788919433865,1926.8497627207385,0,2023-06,2023-06
1487,10128,487,Tablet,Accessories,5,664.610075607148,0.17346551436698684,Card,Canada,Toronto,23,Female,2023-09-11,2023-01-13,12.300330699342362,6,Yes,2,Mobile,2746.6157349423606,613.4456024366509,2758.916065641703,2023,1,13,4,2,-241,0.22334598707508113,3369.9082408214817,0,2023-01,2023-01
4308,10046,327,Monitor,Accessories,5,573.1074727322098,0.1792897319606701,Cash,USA,London,36,Female,2023-07-29,2023-10-24,18.946845915312487,2,No,2,Desktop,2351.775937806974,385.0810413017286,2370.7227837222867,2023,10,24,1,43,87,0.1637405311922767,1682.2816480615243,0,2023-01,2023-10
4956,10196,295,Tablet,Accessories,7,934.2974930176628,0.22167913660484165,Card,Canada,Mumbai,60,Male,2023-07-07,2023-11-18,45.49924745953943,6,Yes,1,Desktop,5090.282620034075,1198.4183462114297,5135.781867493614,2023,11,18,5,46,134,0.23543257529449463,2404.629172971648,1,2023-06,2023-11
1896,10147,291,Phone,Electronics,2,594.7815454166997,0.008750967687222987,Cash,UK,Toronto,58,Male,2023-07-10,2023-03-26,35.967849652501855,3,Yes,1,Mobile,1179.1532626636033,341.4567631118222,1215.1211123161052,2023,3,26,6,12,-106,0.2895779318292361,2307.2970970929723,0,2023-03,2023-03
4343,10010,340,Headphones,Accessories,7,535.5608680490549,0.16237146433014904,UPI,USA,New York,46,Male,2023-08-03,2023-10-07,49.368844295848376,7,Yes,4,Mobile,3140.2074596620287,715.0113692818757,3189.576303957877,2023,10,7,5,40,65,0.2276955833226478,2494.194147085926,0,2023-02,2023-10
2212,10129,230,Tablet,Electronics,5,764.1246380472012,0.015872229981199314,UPI,Canada,Mumbai,23,Female,2023-03-27,2023-09-02,39.51556384913462,3,Yes,2,Desktop,3759.9813802890767,941.241160165098,3799.4969441382113,2023,9,2,5,35,159,0.2503313354420742,2377.7899734063253,1,2023-01,2023-09
1703,10194,219,Headphones,Electronics,6,718.4123066068136,0.21034326598999603,Card,India,Mumbai,42,Female,2023-04-16,2023-10-27,47.38884944646156,9,No,1,Mobile,3403.79469424638,852.024555392481,3451.1835436928413,2023,10,27,4,43,194,0.2503160830565676,2201.4848957995373,1,2023-03,2023-10
2470,10118,345,Monitor,Electronics,8,209.29680824026408,0.01671839571029534,UPI,USA,London,41,Male,2023-11-28,2023-12-28,14.728485824171393,3,Yes,1,Mobile,1646.3816110336124,273.5307590109943,1661.110096857784,2023,12,28,3,52,30,0.1661405576798622,1345.0401548442724,0,2023-07,2023-12
1580,10139,359,Tablet,Electronics,4,481.88210908263875,0.2735183545024898,UPI,UK,Mumbai,42,Male,2023-10-23,2023-12-20,39.716819366761655,7,Yes,1,Desktop,1400.3140301686644,144.2205809553414,1440.0308495354261,2023,12,20,2,51,58,0.1029915989186871,2457.0349948692847,0,2023-01,2023-12
3837,10019,242,Laptop,Electronics,7,483.06513396319355,0.21062477006534897,Card,UK,New York,33,Male,2023-01-19,2023-11-12,5.909788406650884,4,No,1,Mobile,2669.2375583692624,296.31097390410196,2675.1473467759133,2023,11,12,6,45,297,0.1110095925988429,3563.0931788923244,0,2023-04,2023-11
3908,10004,453,Headphones,Accessories,6,390.6600249384779,0.15221692952554713,UPI,India,London,33,Male,2023-02-16,2023-01-09,35.18420097701903,8,No,2,Desktop,1987.1697327238148,310.8172919448375,2022.3539337008337,2023,1,9,0,2,-38,0.15641205017691168,1850.9581124109795,0,2023-01,2023-01
3294,10036,329,Monitor,Accessories,2,526.947612509208,0.13245117698435246,Card,India,Mumbai,23,Male,2023-03-06,2023-09-04,26.117702515410862,2,No,2,Desktop,914.3055620465378,217.52118982253762,940.4232645619487,2023,9,4,0,36,182,0.2379086367315196,1963.309426583294,0,2023-01,2023-09
4147,10165,259,Laptop,Electronics,8,424.84524977260133,0.03920178912397871,Cash,USA,London,54,Female,2023-05-26,2023-11-08,20.604203236403087,8,Yes,1,Desktop,3265.5244470455336,918.7116357005482,3286.1286502819366,2023,11,8,2,45,166,0.2813366277296585,1885.848265707027,1,2023-02,2023-11
1153,10136,350,Laptop,Accessories,9,215.35857968175947,0.08729981686939893,Cash,USA,Mumbai,38,Male,2023-10-13,2023-10-05,43.80819585318901,9,No,3,Mobile,1769.020336028592,516.1287583957201,1812.8285318817811,2023,10,5,3,40,-8,0.2917596524381493,1515.5427018591542,0,2023-02,2023-10
2679,10052,486,Laptop,Electronics,5,424.1191575291874,0.26068773150626884,Cash,UK,Toronto,21,Female,2023-03-07,2023-08-26,43.44204616958888,8,Yes,4,Desktop,1567.7824823227684,164.88326470426028,1611.2245284923572,2023,8,26,5,34,172,0.10516973276801471,2327.3191521951553,0,2023-02,2023-08
4506,10171,204,Laptop,Electronics,4,90.83140862171307,0.2713358434687482,Card,India,Toronto,51,Male,2023-01-05,2023-07-22,6.003576720438961,6,No,2,Mobile,264.7423669995441,78.8978448889302,270.7459437199831,2023,7,22,5,29,198,0.29801744912655426,2823.34545610378,0,2023-05,2023-07
1996,10098,465,Tablet,Electronics,6,584.2701455189233,0.00022431251115931914,Card,USA,New York,45,Male,2023-04-03,2023-09-04,32.42773051022439,1,Yes,2,Desktop,3504.834518492319,576.5433284520909,3537.2622490025437,2023,9,4,0,36,154,0.16449944367133876,2252.979146615021,1,2023-04,2023-09
4157,10085,329,Tablet,Accessories,8,856.5814579622897,0.17824091744326537,UPI,UK,Toronto,55,Female,2023-12-19,2023-08-23,21.55245009444304,7,No,3,Desktop,5631.228744241611,1512.4987429391758,5652.781194336054,2023,8,23,2,34,-118,0.2685912456470231,2113.945362050333,1,2023-01,2023-08
3744,10107,466,Tablet,Electronics,3,730.7813426674642,0.21579018270753408,UPI,India,Toronto,58,Male,2023-04-04,2023-03-22,23.70474506752021,1,No,2,Mobile,1719.2577096419848,233.9206431274771,1742.962454709505,2023,3,22,2,12,-13,0.13605909213935607,1498.903676901721,0,2023-01,2023-03
4356,10023,377,Monitor,Electronics,1,373.186159253029,0.1856240947372819,UPI,UK,Toronto,45,Female,2023-04-16,2023-12-22,42.44183326484492,7,Yes,3,Mobile,303.91381627320237,34.21451152856735,346.35564953804726,2023,12,22,4,51,250,0.11257965152137184,346.35564953804726,0,2023-12,2023-12
2243,10080,452,Monitor,Accessories,4,105.32978146576203,0.024503929459906194,UPI,Canada,Mumbai,34,Female,2023-05-13,2023-01-13,18.942789718745523,2,No,3,Mobile,410.99515172279064,72.19996415583608,429.93794144153617,2023,1,13,4,2,-120,0.17567108481253754,2293.8230466527907,0,2023-01,2023-01
2092,10157,255,Monitor,Accessories,4,218.10641124076534,0.06531746963967067,UPI,India,Mumbai,31,Male,2023-12-07,2023-11-23,47.437196478692904,8,No,1,Desktop,815.4410093853165,221.62469810056032,862.8782058640095,2023,11,23,3,47,-14,0.2717850777061386,1733.5522609619425,0,2023-05,2023-11
4118,10119,282,Phone,Accessories,1,554.5805336849389,0.0751020802144158,Card,USA,London,24,Male,2023-11-10,2023-01-16,13.083522186746334,2,No,2,Mobile,512.9303819587791,73.9465998853226,526.0139041455254,2023,1,16,0,3,-298,0.1441649831755632,2886.0770398521227,0,2023-01,2023-01
2008,10058,298,Monitor,Electronics,9,222.9159417153722,0.2495173893915269,Card,USA,Mumbai,39,Female,2023-03-20,2023-02-14,34.822509051568,3,No,4,Desktop,1505.6508409631888,196.92627949445983,1540.4733500147568,2023,2,14,1,7,-34,0.13079146515036844,2704.6356171940056,0,2023-02,2023-02
3141,10127,348,Tablet,Electronics,3,553.0936490592682,0.13895983089267613,Cash,Canada,Toronto,18,Female,2023-07-31,2023-11-17,35.244728015619415,3,No,3,Mobile,1428.7075473545374,402.8396170128472,1463.9522753701567,2023,11,17,4,46,109,0.2819608657900381,2609.331579175561,0,2023-02,2023-11
2773,10113,355,Tablet,Accessories,5,246.96704426862095,0.14604846358237103,Cash,India,Mumbai,46,Male,2023-01-08,2023-05-19,16.34878226425632,1,Yes,4,Desktop,1054.4894344885474,303.34227667922835,1070.8382167528036,2023,5,19,4,20,131,0.28766744052429183,955.6467912053467,0,2023-02,2023-05
1957,10114,389,Phone,Electronics,6,851.9453920865514,0.28046791396635257,Cash,UK,New York,48,Female,2023-06-08,2023-11-22,19.61377740352409,5,Yes,1,Desktop,3678.01227092874,377.03171321184703,3697.626048332264,2023,11,22,2,47,167,0.1025096398377818,2234.644040762402,1,2023-01,2023-11
4059,10013,462,Phone,Accessories,8,409.32604338365053,0.19112576665641465,Cash,USA,London,47,Male,2023-09-25,2023-05-28,42.56593216609732,5,No,2,Desktop,2648.7463162361078,650.2331775791615,2691.312248402205,2023,5,28,6,21,-120,0.24548714748309633,1570.3190183676347,0,2023-01,2023-05
1452,10008,279,Monitor,Accessories,6,260.6396134256013,0.26960031046579913,Card,Canada,London,32,Female,2023-05-29,2023-12-21,39.28123647297286,5,No,1,Desktop,1142.2265563582398,184.85971325486773,1181.5077928312126,2023,12,21,3,51,206,0.16184154730586534,2251.923932231075,0,2023-04,2023-12
2227,10039,451,Headphones,Electronics,3,816.0796566421204,0.1369526566024599,Card,Canada,Mumbai,35,Male,2023-12-16,2023-08-24,19.80931461416418,9,Yes,1,Mobile,2112.946138997276,369.64064425724365,2132.7554536114403,2023,8,24,3,34,-114,0.1749408739934379,2449.0567001257323,0,2023-02,2023-08
3959,10193,296,Phone,Electronics,6,355.9821855093417,0.044830877555488265,Card,India,Toronto,52,Female,2023-04-01,2023-07-10,29.028044612072026,6,Yes,4,Mobile,2040.1391504330238,395.42098399992966,2069.167195045096,2023,7,10,0,28,100,0.19382059499029797,2296.9305727415153,0,2023-01,2023-07
3265,10024,459,Laptop,Accessories,1,129.2579340820063,0.27898067822222566,UPI,India,London,47,Female,2023-08-24,2023-04-11,7.7756133313892954,6,No,4,Desktop,93.19746796620444,17.274914350841463,100.97308129759374,2023,4,11,1,15,-135,0.1853581940349039,1066.911519630302,0,2023-03,2023-04
3521,10102,459,Tablet,Accessories,4,579.0013015755687,0.13761153470026147,UPI,USA,New York,51,Male,2023-10-16,2023-04-15,14.393564707938316,3,Yes,3,Desktop,1997.2961754892233,405.440651793316,2011.6897401971617,2023,4,15,5,15,-184,0.20299475699642106,3516.9420584314985,0,2023-02,2023-04
3479,10021,302,Laptop,Accessories,6,589.932920349229,0.05448942656364656,Cash,Canada,New York,59,Female,2023-12-22,2023-09-07,26.861925148717958,5,No,2,Mobile,3346.726882850293,724.4738102070158,3373.588807999011,2023,9,7,3,36,-106,0.21647234314800323,1812.3064765422776,1,2023-02,2023-09
3388,10003,239,Tablet,Accessories,7,720.4017617310195,0.09071872209117667,UPI,UK,London,28,Female,2023-06-17,2023-04-04,8.868818087564522,7,No,1,Mobile,4585.334841601843,885.515742245491,4594.203659689408,2023,4,4,1,14,-74,0.19311910096758483,2978.079068592042,1,2023-01,2023-04
1550,10153,472,Tablet,Electronics,3,255.41504454421786,0.015240776906682673,Card,Canada,Toronto,44,Female,2023-07-12,2023-08-08,42.94995597013719,3,No,3,Mobile,754.5669624951271,181.33203019841318,797.5169184652643,2023,8,8,1,32,27,0.2403127080979035,1189.003784159761,0,2023-01,2023-08
2635,10185,300,Phone,Accessories,9,454.8959123104002,0.14049017743691553,Cash,UK,Toronto,41,Female,2023-07-06,2023-10-25,37.31027945484416,2,No,3,Mobile,3518.8875438712607,857.6244424632039,3556.1978233261048,2023,10,25,2,43,111,0.2437203325684284,3790.003973086939,1,2023-09,2023-10
2312,10028,420,Phone,Accessories,7,296.7205606618031,0.255938451573071,Cash,UK,Mumbai,52,Female,2023-09-28,2023-12-05,47.46351517918227,5,Yes,1,Mobile,1545.4485187128944,290.6553457440719,1592.9120338920766,2023,12,5,1,49,68,0.18807183948523903,1891.9812460275123,0,2023-02,2023-12
4325,10108,323,Laptop,Accessories,1,99.33466139337436,0.2800741368020068,UPI,USA,Mumbai,56,Female,2023-04-24,2023-05-13,36.20601076838122,3,Yes,1,Mobile,71.51359184910541,9.18896947007857,107.71960261748663,2023,5,13,5,19,19,0.12849262961742172,1651.80146852154,0,2023-02,2023-05
2757,10097,430,Tablet,Electronics,2,879.0815504755737,0.2797806622510931,Cash,Canada,London,25,Female,2023-01-11,2023-12-27,47.31806175179835,5,Yes,3,Desktop,1266.2630642216,288.8697871362478,1313.5811259733982,2023,12,27,2,52,350,0.22812778426402452,2015.3947148917323,0,2023-02,2023-12
1356,10036,377,Laptop,Electronics,1,734.2924083985744,0.03756900768862402,UPI,UK,Mumbai,35,Male,2023-02-24,2023-06-04,29.953065006093425,9,No,1,Mobile,706.7057712617501,179.92117103692593,736.6588362678435,2023,6,4,6,22,100,0.2545913424701418,1963.309426583294,0,2023-01,2023-06
3070,10074,262,Headphones,Accessories,9,315.4337982696247,0.1146161647533171,UPI,India,Mumbai,30,Female,2023-09-15,2023-01-28,32.009837497788624,1,Yes,1,Mobile,2513.519874705499,572.1321802275374,2545.529712203288,2023,1,28,5,4,-230,0.22762190424078993,2324.374232591874,0,2023-01,2023-01
2785,10069,315,Laptop,Electronics,9,607.3855330145466,0.008468627895211911,Cash,UK,Mumbai,62,Female,2023-03-06,2023-10-09,48.96369745818174,4,No,4,Desktop,5420.176298518603,1179.4897306666237,5469.139995976785,2023,10,9,0,41,217,0.2176109531693631,2374.1159748849523,1,2023-01,2023-10
3569,10145,390,Monitor,Electronics,7,217.23851237178297,0.25654960349144185,UPI,India,New York,41,Male,2023-06-21,2023-04-26,33.89581160889172,5,No,2,Mobile,1130.5424071181196,164.92623767023852,1164.4382187270114,2023,4,26,2,17,-56,0.14588239824692126,1709.9869196229188,0,2023-01,2023-04
2781,10127,261,Laptop,Electronics,3,892.4318893598555,0.10762672860638213,UPI,India,Mumbai,40,Female,2023-09-29,2023-11-01,6.385395598733597,2,Yes,3,Mobile,2389.1470938121242,547.1801666179894,2395.532489410858,2023,11,1,2,44,33,0.22902740816385164,2609.331579175561,0,2023-02,2023-11
4908,10084,455,Monitor,Accessories,5,132.6082164946721,0.18933510836767042,UPI,Canada,London,29,Female,2023-05-30,2023-08-22,37.571124948373544,2,No,1,Mobile,537.5041272710492,89.74773220251973,575.0752522194227,2023,8,22,1,34,84,0.1669712429152424,2181.3222279577017,0,2023-01,2023-08
4171,10041,206,Monitor,Accessories,4,23.76040259764488,0.21446953142318656,UPI,India,Toronto,47,Male,2023-12-28,2023-01-01,45.7460911461837,1,No,3,Desktop,74.65808074440687,21.196308040270527,120.40417189059058,2023,1,1,6,52,-361,0.283911772562657,1007.1777894410704,0,2023-01,2023-01
3849,10099,354,Monitor,Electronics,7,511.96803378439853,0.1289534009229466,Cash,UK,Mumbai,48,Female,2023-05-26,2023-12-14,40.801111240744696,8,No,2,Mobile,3121.636102648464,720.2988587820981,3162.437213889209,2023,12,14,3,50,202,0.23074401855199614,2893.0716030430726,0,2023-07,2023-12
4251,10040,291,Headphones,Accessories,9,591.465266983812,0.0919327009650729,Card,India,Toronto,45,Female,2023-07-28,2023-08-28,31.27249726814402,2,Yes,3,Desktop,4833.81240716666,752.3149152555068,4865.084904434804,2023,8,28,0,35,31,0.15563593534166054,3301.0302068494557,1,2023-06,2023-08
4294,10165,213,Laptop,Accessories,2,587.3860138898883,0.2886638730347834,Card,Canada,Mumbai,39,Male,2023-10-13,2023-02-27,35.208658089208235,3,No,3,Mobile,835.6577843079401,162.60678907452677,870.8664423971484,2023,2,27,0,9,-228,0.194585381872786,1885.848265707027,0,2023-02,2023-02
4977,10033,428,Laptop,Electronics,8,73.42168888906977,0.28934646750715626,UPI,USA,London,61,Male,2023-01-10,2023-12-01,49.55863051632523,2,Yes,3,Desktop,417.4190605648641,112.41773823083425,466.97769108118933,2023,12,1,4,48,325,0.26931625517700886,2093.471672116044,0,2023-02,2023-12
3809,10016,285,Headphones,Electronics,9,327.7629307800638,0.08683091040900658,UPI,UK,New York,45,Female,2023-08-15,2023-07-02,9.079793982920226,4,No,4,Mobile,2693.72679391896,450.10232613081996,2702.8065879018804,2023,7,2,6,26,-44,0.1670927902365295,1906.2916662647992,0,2023-04,2023-07
4730,10164,332,Tablet,Accessories,9,509.21496790450516,0.14388752902333743,UPI,UK,London,30,Female,2023-07-05,2023-12-03,35.02601728849578,1,Yes,2,Mobile,3923.507559879251,804.6647658399513,3958.533577167747,2023,12,3,6,48,151,0.20508811403047622,3568.7536886548314,1,2023-03,2023-12
3489,10152,382,Phone,Electronics,7,232.24760191469605,0.2918532475980067,Card,Canada,New York,42,Male,2023-03-03,2023-01-26,17.752896255676724,3,No,2,Mobile,1151.2576953433008,271.62082693424827,1169.0105915989775,2023,1,26,3,4,-36,0.23593399465030454,739.1684383507621,0,2023-01,2023-01
2631,10121,261,Laptop,Accessories,9,875.1733677761785,0.0014605222966509678,UPI,Canada,Mumbai,61,Female,2023-03-26,2023-03-18,33.80406784637765,5,Yes,3,Desktop,7865.056418031956,1973.3888055897298,7898.860485878334,2023,3,18,5,11,-8,0.2509058677653483,2780.2592182564977,1,2023-01,2023-03
3816,10075,418,Phone,Accessories,9,105.36710367220536,0.12380347451374477,Cash,Canada,Mumbai,63,Male,2023-05-14,2023-08-05,32.34306091477724,1,Yes,3,Mobile,830.9006112432274,111.98748403466492,863.2436721580046,2023,8,5,5,31,83,0.13477843501294898,1198.862477460134,0,2023-07,2023-08
2015,10086,445,Headphones,Electronics,3,497.63675283860204,0.03013726490429053,Cash,Canada,New York,24,Male,2023-11-19,2023-11-24,11.905557444867293,4,No,2,Mobile,1447.9180265765824,308.4506445983678,1459.8235840214497,2023,11,24,4,47,5,0.2130304609354578,2139.3497375208526,0,2023-10,2023-11
2348,10116,429,Tablet,Accessories,4,697.587736362889,0.1527473896687808,Cash,UK,London,62,Male,2023-10-24,2023-11-21,14.303599058310763,6,No,1,Desktop,2364.1321222740166,667.7254295670479,2378.4357213323274,2023,11,21,1,47,28,0.28243998009924026,1636.8606134560243,0,2023-02,2023-11
1515,10105,278,Tablet,Accessories,2,276.51607813179277,0.007400986362146145,Card,USA,London,23,Female,2023-06-20,2023-09-19,32.97333101194461,4,No,4,Desktop,548.9391728172504,161.20804077200998,581.9125038291951,2023,9,19,1,38,91,0.29367195630193876,1586.7719419778007,0,2023-07,2023-09
4087,10085,348,Tablet,Electronics,3,631.7559222575678,0.12206952941718835,UPI,India,New York,41,Male,2023-08-01,2023-01-23,10.770347628669835,7,No,2,Desktop,1663.913322363194,384.7450277797356,1674.683669991864,2023,1,23,0,4,-190,0.23122900851187164,2113.945362050333,0,2023-01,2023-01
3839,10026,337,Headphones,Electronics,5,832.7974471395271,0.06620972243560054,UPI,India,Mumbai,36,Male,2023-01-18,2023-09-01,16.933139380864528,7,Yes,3,Mobile,3888.2907965967115,1153.7809300173099,3905.223935977576,2023,9,1,4,35,226,0.29673216083199716,2307.2513304533272,1,2023-02,2023-09
1335,10056,264,Monitor,Electronics,5,206.53023559314659,0.15999250873762225,UPI,USA,New York,36,Male,2023-11-10,2023-06-07,42.58604964821011,6,No,1,Desktop,867.4347253521346,185.7585873240936,910.0207750003447,2023,6,7,2,23,-156,0.21414704979522814,1304.4583720647793,0,2023-01,2023-06
2782,10030,212,Monitor,Accessories,6,918.8761799883656,0.2987980947302099,Card,USA,Mumbai,53,Female,2023-03-01,2023-07-25,19.719117770073737,9,Yes,1,Mobile,3865.9063686892114,728.8045575577187,3885.625486459285,2023,7,25,1,30,146,0.18852100595618665,3395.8742017346376,1,2023-05,2023-07
3305,10133,412,Phone,Electronics,7,562.4873620091108,0.24016083153802428,Card,USA,New York,26,Female,2023-03-29,2023-11-06,26.96270703213483,2,No,1,Desktop,2991.7995059356117,629.2277680258894,3018.7622129677466,2023,11,6,0,45,222,0.21031749178964915,2787.05203601584,0,2023-02,2023-11
1496,10167,441,Monitor,Electronics,7,313.24736421503934,0.2536926274873264,Card,Canada,Mumbai,53,Female,2023-01-27,2023-03-28,47.35131508156281,8,Yes,4,Desktop,1636.4517213369256,201.5167214882041,1683.8030364184885,2023,3,28,1,13,60,0.1231424788527044,2905.529530566239,0,2023-03,2023-03
1895,10097,412,Monitor,Electronics,1,442.2411098746253,0.19057949620772427,Card,UK,New York,55,Male,2023-03-09,2023-09-24,15.221708997662583,8,Yes,4,Mobile,357.95902195237437,64.55546973789343,373.18073095003695,2023,9,24,6,38,199,0.18034318393707754,2015.3947148917323,0,2023-02,2023-09
3207,10011,380,Tablet,Electronics,2,325.9480461106602,0.012467954481677567,Cash,UK,Toronto,57,Female,2023-10-05,2023-05-14,22.533170781110467,4,Yes,2,Mobile,643.7682814167215,123.39815477811305,666.301452197832,2023,5,14,6,19,-144,0.19168101060610573,1459.6737445427225,0,2023-04,2023-05
4546,10052,372,Tablet,Accessories,9,730.6089367346498,0.062039302813243234,Card,UK,Mumbai,46,Female,2023-02-09,2023-09-24,32.29059989945955,6,No,2,Mobile,6167.542209034565,1663.5437745778008,6199.832808934024,2023,9,24,6,38,227,0.26972555974419565,2327.3191521951553,1,2023-02,2023-09
1851,10198,359,Phone,Accessories,2,800.3746501468295,0.2775193669341165,Card,Canada,London,41,Male,2023-04-19,2023-11-29,38.99025182767875,6,No,2,Mobile,1156.5103678559328,291.128029398784,1195.5006196836116,2023,11,29,2,48,224,0.25172971854848947,2903.90838895423,0,2023-08,2023-11
2687,10137,363,Laptop,Electronics,6,836.2786444722879,0.10983393537862536,Card,UK,New York,22,Male,2023-03-15,2023-09-25,45.57440240207173,5,Yes,2,Desktop,4466.561219260765,983.9178542855813,4512.1356216628365,2023,9,25,0,39,194,0.22028531704496013,2252.4829379335433,1,2023-05,2023-09
2931,10172,387,Phone,Accessories,1,986.0528845940263,0.031091017944238672,UPI,Canada,London,59,Female,2023-03-07,2023-02-22,46.19628444080818,1,Yes,3,Desktop,955.3954966651452,161.89697092553698,1001.5917811059534,2023,2,22,2,8,-13,0.169455446975254,1182.235004958257,0,2023-02,2023-02
3737,10144,390,Phone,Electronics,3,795.4586066467499,0.21072160975986057,UPI,UK,New York,62,Female,2023-06-17,2023-04-09,39.94880334676803,3,Yes,4,Desktop,1883.514865670433,258.8079710763693,1923.463669017201,2023,4,9,6,14,-69,0.13740691713853143,1809.1680550882843,0,2023-04,2023-04
4746,10153,455,Headphones,Electronics,2,609.3563892747921,0.08983731718027639,UPI,USA,London,43,Male,2023-09-19,2023-09-04,15.27488764669897,7,Yes,1,Mobile,1109.2268921113694,188.07275187797254,1124.5017797580683,2023,9,4,0,36,-15,0.16955300418292557,1189.003784159761,0,2023-01,2023-09
3427,10189,382,Headphones,Accessories,3,352.43589242394813,0.0806570738712515,Cash,India,London,31,Female,2023-10-01,2023-02-05,6.116419851915461,8,Yes,3,Mobile,972.0283338414878,229.36059707076188,978.1447536934032,2023,2,5,6,5,-238,0.23596081419182638,1202.092273637818,0,2023-01,2023-02
2568,10121,316,Phone,Accessories,5,553.7035397365344,0.2993932366674781,Cash,India,New York,56,Male,2023-12-03,2023-01-28,22.269826866003072,2,No,2,Desktop,1939.6422241028688,296.00406673837034,1961.9120509688719,2023,1,28,5,4,-309,0.15260755981700663,2780.2592182564977,0,2023-01,2023-01
1956,10045,481,Phone,Electronics,6,60.246809334597316,0.2574416775079963,Card,Canada,New York,46,Male,2023-12-24,2023-08-08,11.36969829445205,3,Yes,2,Desktop,268.420618049965,49.75909994490883,279.7903163444171,2023,8,8,1,32,-138,0.1853773391418332,1533.1713637498128,0,2023-02,2023-08
3738,10063,395,Phone,Electronics,9,749.9285740193149,0.1223813455103523,UPI,UK,London,23,Female,2023-08-25,2023-04-12,36.967444134723415,4,No,3,Mobile,5923.361754847541,1050.5321789270654,5960.329198982265,2023,4,12,2,15,-135,0.17735404697633642,2592.0199788767322,1,2023-03,2023-04
4498,10129,233,Monitor,Accessories,4,457.03643419025974,0.2940783623449497,Cash,India,London,24,Female,2023-08-03,2023-09-20,34.75087640715726,5,No,1,Desktop,1290.5276323664511,326.6557897141565,1325.2785087736083,2023,9,20,2,38,48,0.253118012758212,2377.7899734063253,0,2023-01,2023-09
2636,10053,251,Headphones,Electronics,7,39.622765137543865,0.1950339670257641,UPI,USA,London,54,Female,2023-10-13,2023-09-28,6.9787238729654675,3,No,4,Desktop,223.26486047766977,61.79020507726314,230.24358435063525,2023,9,28,3,39,-15,0.2767574124520289,2688.867835722876,0,2023-05,2023-09
2291,10106,311,Phone,Accessories,6,81.25680268020258,0.22260673556392807,Cash,USA,Mumbai,35,Female,2023-05-29,2023-08-12,42.646720060892804,5,Yes,4,Desktop,379.0109465592027,90.91494432330899,421.6576666200955,2023,8,12,5,32,75,0.23987419136219537,1635.3902971106863,0,2023-01,2023-08
4906,10192,451,Tablet,Electronics,2,399.7171345453215,0.009453912924663476,Cash,USA,Mumbai,40,Male,2023-11-14,2023-05-19,16.1934469831032,8,Yes,1,Mobile,791.8764871216681,133.2890083882609,808.0699341047713,2023,5,19,4,20,-179,0.1683204521866068,2256.818108289417,0,2023-01,2023-05
4648,10050,281,Tablet,Electronics,8,591.7530886380664,0.03648157780441713,Card,Canada,Toronto,61,Female,2023-04-17,2023-10-07,24.4502183970969,8,Yes,4,Desktop,4561.320018351301,851.3038308319414,4585.770236748398,2023,10,7,5,40,173,0.18663540979517745,1566.9430894695204,1,2023-01,2023-10
2440,10180,431,Monitor,Accessories,7,474.91986997308413,0.18992553794887151,Card,Canada,Mumbai,55,Female,2023-05-21,2023-10-13,35.05701809550841,2,Yes,2,Mobile,2693.043207300866,346.51395245806805,2728.1002253963743,2023,10,13,4,41,145,0.1286700308107443,3481.4245266139274,0,2023-07,2023-10
2191,10035,426,Monitor,Accessories,7,626.8202309463118,0.2697071947948452,Cash,UK,Mumbai,18,Female,2023-03-17,2023-09-07,24.3238454083514,6,No,2,Desktop,3204.336133719875,428.16175854491496,3228.659979128226,2023,9,7,3,36,174,0.13361948955332198,2659.04872080023,1,2023-03,2023-09
4913,10114,432,Laptop,Accessories,8,490.6883736155287,0.1871231178262787,Card,USA,New York,21,Male,2023-01-09,2023-11-18,24.857951125997452,4,No,2,Mobile,3190.9538821078804,423.9453894408289,3215.8118332338777,2023,11,18,5,46,313,0.132858513505303,2234.644040762402,1,2023-01,2023-11
2066,10025,420,Laptop,Accessories,1,668.4697685717198,0.04020746829569753,Cash,UK,Toronto,61,Female,2023-07-15,2023-11-13,7.953259790108317,9,No,2,Desktop,641.5922915452401,80.91586923298543,649.5455513353484,2023,11,13,0,46,121,0.12611727151226204,2462.8187650520977,0,2023-03,2023-11
4627,10028,241,Laptop,Accessories,1,234.74354337738484,0.03472801387389739,Cash,UK,Toronto,64,Female,2023-10-22,2023-03-19,23.064959716700173,2,Yes,1,Desktop,226.5913663461672,30.797447822218135,249.65632606286738,2023,3,19,6,11,-217,0.13591624570182603,1891.9812460275123,0,2023-02,2023-03
1284,10148,220,Monitor,Accessories,8,130.58632343994898,0.2532557687472245,UPI,USA,Mumbai,52,Male,2023-10-07,2023-10-24,39.418155194899256,8,Yes,4,Desktop,780.1166696743279,109.63575608297357,819.5348248692271,2023,10,24,1,43,17,0.14053764051567152,1154.9753575820957,0,2023-04,2023-10
3444,10010,241,Monitor,Accessories,4,604.5052755331468,0.04179070161237429,Card,UK,New York,40,Male,2023-04-28,2023-12-04,46.1829351733969,1,Yes,4,Mobile,2316.9703037609397,283.5257764511401,2363.1532389343365,2023,12,4,0,49,220,0.12236918875952658,2494.194147085926,0,2023-02,2023-12
1011,10039,312,Monitor,Electronics,5,494.9957265975813,0.1560695881512076,Card,India,New York,44,Male,2023-10-17,2023-11-03,23.60737116785173,6,Yes,3,Desktop,2088.709737054445,476.3347345160631,2112.317108222297,2023,11,3,4,44,17,0.2280521443768454,2449.0567001257323,0,2023-02,2023-11
2630,10010,304,Tablet,Electronics,8,46.33030096403659,0.01113399598869068,Card,Canada,Toronto,43,Male,2023-03-02,2023-12-17,24.06136220955855,1,Yes,1,Desktop,366.5156766315854,109.25110538002963,390.5770388411439,2023,12,17,6,50,290,0.29808030691643994,2494.194147085926,0,2023-02,2023-12
4373,10163,391,Monitor,Electronics,5,392.8722477831751,0.02420093021735321,UPI,UK,New York,25,Male,2023-12-01,2023-01-13,36.618219784564346,2,Yes,4,Mobile,1916.821869651199,528.7310628964976,1953.4400894357634,2023,1,13,4,2,-322,0.2758373489304512,2510.5025632462985,0,2023-01,2023-01
4969,10112,216,Tablet,Accessories,4,124.00307378117557,0.20170448029285945,UPI,USA,London,60,Female,2023-11-02,2023-12-12,47.424740049737444,3,No,4,Mobile,395.96439291770577,43.207850262808584,443.38913296744323,2023,12,12,1,50,40,0.10912054476521725,1834.7712572933065,0,2023-02,2023-12
4324,10186,319,Laptop,Accessories,6,540.7296951176413,0.206754423128255,UPI,Canada,Mumbai,33,Male,2023-02-20,2023-03-23,17.01774231077121,9,No,3,Desktop,2573.5886336116573,475.1147319007605,2590.6063759224285,2023,3,23,3,12,31,0.18461176183934497,1749.491036081567,0,2023-03,2023-03
3546,10038,328,Laptop,Accessories,5,407.86212606722216,0.10244082198253271,Card,Canada,London,58,Male,2023-02-21,2023-01-09,24.806489294207157,5,Yes,2,Desktop,1830.4019730867628,497.61695325307534,1855.20846238097,2023,1,9,0,2,-43,0.27186211584655445,2785.658409818378,0,2023-01,2023-01
1753,10053,329,Laptop,Electronics,7,620.8888728809576,0.06468292957291343,Card,UK,Toronto,20,Male,2023-05-02,2023-08-01,40.81879595985355,2,No,4,Desktop,4065.0957315065507,516.0027787027923,4105.914527466404,2023,8,1,1,31,91,0.1269349635983993,2688.867835722876,1,2023-05,2023-08
3082,10097,259,Phone,Accessories,7,809.4901743948335,0.24411308122719239,Card,India,Toronto,49,Male,2023-06-16,2023-02-17,32.436210621831734,5,No,2,Desktop,4283.181235901214,1154.441680958674,4315.617446523045,2023,2,17,4,7,-119,0.26952902933040856,2015.3947148917323,1,2023-02,2023-02
3774,10054,247,Phone,Accessories,4,313.67531016466097,0.0651309688409671,UPI,UK,New York,22,Male,2023-01-08,2023-02-18,9.976385478377964,5,No,3,Desktop,1172.981333248583,256.34349020253524,1182.957718726961,2023,2,18,5,7,41,0.21854012756757984,1940.9416434274935,0,2023-02,2023-02
3896,10110,228,Headphones,Electronics,5,962.8600620817269,0.16260812089991392,UPI,India,New York,37,Male,2023-02-14,2023-11-05,33.24797310030196,1,No,4,Mobile,4031.4559834852143,1154.0434228034644,4064.703956585516,2023,11,5,6,44,264,0.2862597105192224,2878.3545264663985,1,2023-01,2023-11
1089,10151,296,Headphones,Accessories,3,544.921810575823,0.29046265225887163,Cash,Canada,Toronto,31,Male,2023-12-10,2023-02-09,13.40358280687971,3,Yes,2,Desktop,1159.927128606789,319.2210197318728,1173.3307114136687,2023,2,9,3,6,-304,0.27520782285288503,1554.3242325916247,0,2023-01,2023-02
1775,10149,209,Headphones,Electronics,4,625.9249827796922,0.04435573135871513,UPI,UK,Toronto,49,Male,2023-09-02,2023-12-29,27.959717033528186,5,No,1,Mobile,2392.646489571231,563.2454077557288,2420.6062066047593,2023,12,29,4,52,118,0.2354068644117435,2853.116082772503,0,2023-02,2023-12
3652,10068,441,Phone,Electronics,4,687.0589257612223,0.2822628802484127,Cash,USA,London,43,Female,2023-10-11,2023-10-07,28.809647044719732,9,Yes,2,Mobile,1972.5107779019177,456.7635350995916,2001.3204249466373,2023,10,7,5,40,-4,0.2315645319745391,1469.9822251149546,0,2023-03,2023-10
4993,10055,431,Phone,Accessories,3,673.396899260438,0.05486791592060059,Card,UK,London,64,Female,2023-04-17,2023-08-14,44.42915130012432,1,Yes,2,Desktop,1909.3470444318693,272.33559240632025,1953.7761957319935,2023,8,14,0,33,119,0.14263284047838162,2484.184814150057,0,2023-04,2023-08
4017,10032,476,Headphones,Accessories,5,520.7513281841609,0.17023296240696886,UPI,India,New York,23,Female,2023-01-27,2023-04-18,25.812242330559716,8,No,2,Mobile,2160.511434550038,266.5003675675083,2186.3236768805978,2023,4,18,1,16,81,0.12335059343160172,2874.0044855131327,0,2023-02,2023-04
2625,10035,483,Headphones,Accessories,5,440.1890052923898,0.11310231358762338,Card,India,London,53,Male,2023-07-12,2023-09-02,17.57490900061524,1,Yes,2,Desktop,1952.0130518899298,357.371984582677,1969.587960890545,2023,9,2,5,35,52,0.18307868599375968,2659.04872080023,0,2023-03,2023-09
4069,10147,402,Monitor,Electronics,7,72.70632489383036,0.28947858045054775,Card,UK,New York,57,Male,2023-12-03,2023-09-12,15.393485669721422,9,No,1,Mobile,361.61580821651614,49.655639177326776,377.0092938862376,2023,9,12,1,37,-82,0.13731600789862494,2307.2970970929723,0,2023-03,2023-09
1417,10080,446,Headphones,Electronics,4,41.644128395156145,0.08206260870058107,Card,India,New York,22,Male,2023-12-23,2023-02-02,44.341334450795124,6,Yes,3,Mobile,152.90681032795075,18.42272375766795,197.24814477874588,2023,2,2,3,5,-324,0.12048334353555179,2293.8230466527907,0,2023-01,2023-02
1114,10189,489,Monitor,Electronics,4,370.8019706421094,0.11989740062572608,Card,Canada,Mumbai,30,Female,2023-03-03,2023-01-23,12.695488448820278,1,Yes,2,Desktop,1305.3751128608947,209.46746999948326,1318.070601309715,2023,1,23,0,4,-39,0.1604653466545787,1202.092273637818,0,2023-01,2023-01
1616,10108,463,Tablet,Accessories,9,346.9876728210188,0.29485803535662614,UPI,UK,New York,49,Male,2023-03-03,2023-11-29,24.164085239741468,8,No,2,Desktop,2202.080123880409,599.1815723543386,2226.24420912015,2023,11,29,2,48,271,0.27209798855932965,1651.80146852154,0,2023-02,2023-11
4974,10153,413,Phone,Accessories,6,399.9412517422266,0.16094111735654196,Card,India,London,33,Male,2023-10-09,2023-02-23,13.422790171712615,5,No,4,Mobile,2013.4455588591518,208.2499307960956,2026.8683490308645,2023,2,23,3,8,-228,0.10342963080367225,1189.003784159761,0,2023-01,2023-02
4267,10193,399,Headphones,Accessories,4,155.6008368704262,0.15078903468637603,Cash,UK,Toronto,18,Male,2023-05-01,2023-11-05,39.79868180514689,7,Yes,4,Desktop,528.5517475293694,83.7900063663768,568.3504293345163,2023,11,5,6,44,188,0.15852753634443512,2296.9305727415153,0,2023-01,2023-11
1825,10072,278,Phone,Accessories,2,743.4049051261068,0.07733354646119739,UPI,UK,Toronto,30,Female,2023-10-07,2023-02-18,26.346768798857855,7,No,1,Desktop,1371.82953471211,253.5284158585011,1398.176303510968,2023,2,18,5,7,-231,0.18481043704289846,3274.2724532220573,0,2023-02,2023-02
4572,10039,372,Phone,Electronics,6,859.8251264807142,0.21040906809313242,Card,USA,London,28,Female,2023-02-08,2023-03-19,20.801466075056542,7,Yes,1,Mobile,4073.4607373690847,823.3032394861552,4094.262203444141,2023,3,19,6,11,39,0.2021139499230573,2449.0567001257323,1,2023-02,2023-03
2649,10016,268,Phone,Electronics,2,939.9403426665543,0.004311885533333293,UPI,UK,Toronto,25,Male,2023-10-04,2023-12-02,21.249483828191007,6,No,1,Mobile,1871.774855001628,255.1519283851881,1893.024338829819,2023,12,2,5,48,59,0.13631550167659784,1906.2916662647992,0,2023-04,2023-12
2516,10128,286,Tablet,Electronics,5,502.5150574492333,0.01485378891068806,Cash,USA,New York,42,Female,2023-04-04,2023-12-24,43.34963930253407,8,Yes,4,Mobile,2475.254024307201,724.863388424196,2518.6036636097347,2023,12,24,6,51,264,0.2928440399676062,3369.9082408214817,0,2023-01,2023-12
4146,10060,300,Laptop,Electronics,6,706.84838514292,0.1798075761407408,Card,India,Toronto,57,Male,2023-04-25,2023-05-02,29.919827943249715,9,Yes,2,Desktop,3478.5101418682484,750.5741647708251,3508.4299698114983,2023,5,2,1,18,7,0.21577460871443788,3143.138235630408,1,2023-03,2023-05
1412,10170,207,Headphones,Accessories,4,858.440100967155,0.10250237214553623,Cash,USA,London,49,Male,2023-06-25,2023-12-25,37.304053300906865,2,Yes,4,Desktop,3081.791817092672,629.9863840169025,3119.095870393579,2023,12,25,0,52,183,0.20442210941140881,2586.021855489901,0,2023-01,2023-12
4447,10103,399,Laptop,Accessories,3,429.9252888716162,0.2859949116602882,Card,USA,Toronto,41,Female,2023-05-01,2023-03-31,45.366733231280804,7,Yes,3,Desktop,920.9065315807633,93.715609112357,966.2732648120441,2023,3,31,4,13,-31,0.10176451778606824,2318.0946497422087,0,2023-01,2023-03
4491,10041,286,Laptop,Accessories,7,323.22453897303546,0.2709572072168357,Cash,USA,New York,45,Female,2023-01-13,2023-12-12,45.578375421828895,2,Yes,1,Mobile,1649.5116441226676,325.1897992209013,1695.0900195444965,2023,12,12,1,50,333,0.1971430758792014,1007.1777894410704,0,2023-01,2023-12
1728,10024,242,Laptop,Electronics,2,937.9900647364203,0.21411187760301217,Card,Canada,New York,31,Female,2023-06-12,2023-07-12,19.78290744520384,6,No,1,Desktop,1474.3105016054687,394.4283713389951,1494.0934090506726,2023,7,12,2,28,30,0.2675341258910368,1066.911519630302,0,2023-03,2023-07
4348,10038,308,Phone,Electronics,6,525.3630200555317,0.24544367433834038,UPI,USA,London,62,Female,2023-10-02,2023-09-01,47.86030684158734,2,Yes,1,Mobile,2378.4959403096886,342.33432482268034,2426.356247151276,2023,9,1,4,35,-31,0.14392890861024854,2785.658409818378,0,2023-01,2023-09
4068,10034,351,Monitor,Accessories,4,507.30880885906043,0.200199554900308,Card,UK,London,20,Male,2023-06-25,2023-05-29,6.119414690657245,6,No,3,Mobile,1622.9832445138845,276.29912421891095,1629.1026592045419,2023,5,29,0,22,-27,0.1702415136772826,2765.930124409759,0,2023-02,2023-05
3808,10130,216,Phone,Accessories,6,194.84777463222585,0.037674630813048206,UPI,USA,London,53,Male,2023-12-03,2023-05-26,21.957600245727456,2,No,2,Mobile,1125.0417399492762,117.13292528003764,1146.9993401950037,2023,5,26,4,21,-191,0.10411429293753911,2243.7020175982025,0,2023-04,2023-05
1675,10107,332,Phone,Electronics,4,125.9919142818896,0.22966301090676078,Card,UK,Mumbai,44,Female,2023-11-20,2023-11-12,45.31094858789787,1,Yes,2,Mobile,388.2249275920173,114.67601545441464,433.5358761799152,2023,11,12,6,45,-8,0.295385502846759,1498.903676901721,0,2023-01,2023-11
4465,10171,347,Laptop,Accessories,4,845.2647252338414,0.06305759061565391,Card,USA,Mumbai,37,Female,2023-06-22,2023-05-21,17.35865959176423,7,Yes,2,Mobile,3167.857472912771,359.0144260143031,3185.216132504535,2023,5,21,6,20,-32,0.11333035942560818,2823.34545610378,1,2023-05,2023-05
2892,10178,476,Phone,Electronics,4,621.8505126637677,0.09703285653005903,Cash,Canada,New York,64,Male,2023-10-02,2023-10-13,17.288665264459325,3,No,1,Mobile,2246.042324341283,628.092764617786,2263.330989605742,2023,10,13,4,41,11,0.27964422478191386,2488.30654450706,0,2023-01,2023-10
3504,10101,431,Laptop,Electronics,9,339.3080923390597,0.24577026363072604,Cash,India,Mumbai,32,Male,2023-03-05,2023-12-05,18.618002828684993,4,Yes,2,Mobile,2303.2462772956524,374.5021852346468,2321.8642801243373,2023,12,5,1,49,275,0.16259754283609093,2929.4199455380276,0,2023-06,2023-12
3967,10097,427,Monitor,Electronics,7,207.90149304246114,0.16095768251803447,Cash,USA,Mumbai,44,Male,2023-04-11,2023-04-21,32.554102318111504,6,Yes,4,Desktop,1221.0670537121514,265.595858303737,1253.621156030263,2023,4,21,4,16,10,0.2175112803971757,2015.3947148917323,0,2023-02,2023-04
3239,10011,338,Headphones,Accessories,3,564.3873345662388,0.25798221425502277,Card,USA,Toronto,62,Male,2023-11-18,2023-04-18,24.724974902645922,5,No,1,Mobile,1256.3563208920505,296.32810659250197,1281.0812957946964,2023,4,18,1,16,-214,0.23586310799320068,1459.6737445427225,0,2023-04,2023-04
3786,10018,410,Laptop,Accessories,3,592.2409034759127,0.06391059595297925,Card,Canada,Mumbai,58,Female,2023-03-07,2023-10-08,37.70306763590042,4,No,3,Desktop,1663.1713031611089,213.16173630001103,1700.8743707970093,2023,10,8,6,40,215,0.1281658334862229,795.1863030287055,0,2023-10,2023-10
4760,10100,227,Monitor,Electronics,6,222.853729220157,0.18233353158206614,Card,USA,Toronto,45,Female,2023-11-27,2023-02-19,45.27097891540996,9,No,3,Desktop,1093.3201304712738,206.36622520965693,1138.591109386684,2023,2,19,6,7,-281,0.1887518755560671,1897.4383223307564,0,2023-02,2023-02
2122,10043,250,Headphones,Accessories,6,854.3776329336445,0.025137291764478487,UPI,UK,London,42,Female,2023-02-14,2023-01-14,35.33897187242873,6,No,2,Desktop,4997.405358585282,825.0377425406132,5032.74433045771,2023,1,14,5,2,-31,0.16509322004932847,3421.85869647047,1,2023-01,2023-01
2571,10186,460,Tablet,Electronics,4,102.57907883273407,0.19291829806200889,UPI,USA,Toronto,59,Male,2023-03-28,2023-05-14,14.201002408890897,6,No,1,Desktop,331.15879011021747,36.86475981645397,345.35979251910834,2023,5,14,6,19,47,0.11132049312109307,1749.491036081567,0,2023-03,2023-05
1977,10048,460,Laptop,Electronics,9,368.9712234630932,0.22876021133266042,Card,USA,Toronto,61,Male,2023-03-08,2023-03-17,46.970685606222595,2,No,4,Desktop,2561.0875956720515,682.8851461790133,2608.058281278274,2023,3,17,4,11,9,0.2666387308786361,1617.7395766141738,0,2023-01,2023-03
2008,10188,207,Laptop,Electronics,4,686.7767254872717,0.1754792681936165,Cash,India,London,63,Female,2023-09-16,2023-03-25,16.902179300636533,6,Yes,4,Mobile,2265.0465931454282,246.96607390946966,2281.9487724460646,2023,3,25,5,12,-175,0.10903355129949555,1395.6451465491632,0,2023-03,2023-03
3143,10016,337,Tablet,Electronics,9,288.63795654281665,0.07986945044964307,Cash,India,London,50,Female,2023-07-24,2023-12-09,11.745243289767116,7,No,1,Desktop,2390.2614141735053,551.3176002285517,2402.0066574632724,2023,12,9,5,49,138,0.23065159189677334,1906.2916662647992,0,2023-04,2023-12
2687,10073,237,Tablet,Accessories,4,831.1216908856464,0.009402800657660014,Cash,USA,New York,63,Female,2023-06-27,2023-06-07,9.048527548743241,8,No,2,Desktop,3293.227277215966,536.1883643580499,3302.275804764709,2023,6,7,2,23,-20,0.16281547528396936,3163.721481794248,1,2023-04,2023-06
3710,10056,310,Laptop,Electronics,2,745.0704700683955,0.03583466518928573,Card,Canada,New York,31,Male,2023-10-07,2023-10-13,30.352268329977452,8,Yes,3,Desktop,1436.7422384621416,198.88228777386118,1467.094506792119,2023,10,13,4,41,6,0.13842586544037333,1304.4583720647793,0,2023-01,2023-10
4261,10054,419,Tablet,Electronics,2,793.2423876571715,0.18669089372220785,Cash,India,New York,25,Female,2023-12-10,2023-11-10,10.119310811629331,9,Yes,3,Mobile,1290.3025147342323,301.1788133898999,1300.4218255458616,2023,11,10,4,45,-30,0.23341721026710907,1940.9416434274935,0,2023-02,2023-11
4807,10046,422,Phone,Accessories,5,136.72440515918194,0.2803260650527541,Card,USA,New York,31,Male,2023-01-17,2023-04-04,11.244914785068385,3,Yes,4,Desktop,491.98495332115,105.73127746459811,503.22986810621836,2023,4,4,1,14,77,0.21490754290524117,1682.2816480615243,0,2023-01,2023-04
1036,10011,335,Headphones,Electronics,4,157.73618543563205,0.061960321191601914,UPI,India,Toronto,18,Female,2023-10-23,2023-10-24,18.50137162679735,7,Yes,4,Desktop,591.8512028900088,96.50207931817994,610.3525745168062,2023,10,24,1,43,1,0.16305125147496596,1459.6737445427225,0,2023-04,2023-10
4851,10061,455,Headphones,Electronics,7,300.74426298969195,0.22050784473152962,Cash,USA,Toronto,33,Female,2023-07-21,2023-04-04,17.674385435800872,7,Yes,4,Desktop,1640.9945561972386,332.45261470697864,1658.6689416330394,2023,4,4,1,14,-108,0.20259214965184788,1593.0100285361386,0,2023-01,2023-04
4440,10079,248,Headphones,Accessories,5,527.7156218936099,0.25993531897471245,UPI,India,New York,35,Female,2023-06-21,2023-02-26,32.190777964946406,1,Yes,3,Desktop,1952.7184669437781,291.43819364879164,1984.9092449087245,2023,2,26,6,8,-115,0.14924742024124188,2800.3901642400574,0,2023-01,2023-02
4766,10082,491,Phone,Accessories,6,753.0557551654143,0.1562646535342533,Cash,India,Mumbai,24,Male,2023-09-19,2023-06-13,41.753537576270666,8,No,4,Mobile,3812.278550955092,1039.7581521338748,3854.0320885313627,2023,6,13,1,24,-98,0.27273929180053846,2007.2577559731105,1,2023-05,2023-06
2548,10007,277,Tablet,Accessories,4,839.8002729456854,0.20077973875309732,Card,UK,New York,32,Male,2023-07-13,2023-11-16,39.26073452913016,4,Yes,3,Desktop,2684.7415741554832,436.9786226745678,2724.0023086846136,2023,11,16,3,46,126,0.1627637560654323,2100.338497174657,0,2023-04,2023-11
3326,10148,304,Monitor,Electronics,2,710.2486096380369,0.24450459500284444,Card,USA,Mumbai,41,Male,2023-05-29,2023-04-08,16.811800462241454,5,Yes,3,Mobile,1073.1791219743106,159.936534798122,1089.9909224365522,2023,4,8,5,14,-51,0.14903060591030629,1154.9753575820957,0,2023-04,2023-04
3264,10080,368,Tablet,Accessories,9,930.0249439000256,0.07820254732217807,Card,USA,London,30,Male,2023-02-04,2023-01-16,16.038972409369094,6,Yes,2,Mobile,7715.6516179249,1931.7425596220658,7731.6905903342695,2023,1,16,0,3,-19,0.2503667422119302,2293.8230466527907,1,2023-01,2023-01
3914,10117,416,Laptop,Accessories,7,743.9686394236116,0.08906870228041289,Card,USA,Toronto,26,Male,2023-01-29,2023-12-10,48.46061885481354,3,Yes,2,Desktop,4743.930227209783,491.08452983420995,4792.390846064596,2023,12,10,6,49,315,0.10351849759878298,2545.8154826268365,1,2023-02,2023-12
1872,10197,318,Headphones,Electronics,4,320.1425292645224,0.00018825498853685118,Cash,USA,Toronto,32,Male,2023-09-20,2023-03-19,5.370630871638205,5,No,2,Desktop,1280.3290433453824,196.66154524395898,1285.6996742170206,2023,3,19,6,11,-185,0.15360234641721507,2593.5554779252766,0,2023-01,2023-03
2821,10199,389,Tablet,Electronics,3,279.7796586518011,0.28892823926934075,UPI,India,Mumbai,52,Female,2023-08-09,2023-12-12,44.58742398770971,5,Yes,4,Mobile,596.8302434824772,104.49246853692729,641.4176674701869,2023,12,12,1,50,125,0.17507904413023462,1969.0166222605415,0,2023-08,2023-12
2296,10024,454,Monitor,Electronics,3,702.2686012950682,0.2752634683789034,Card,UK,New York,41,Male,2023-02-22,2023-03-13,13.987783360508224,1,Yes,3,Desktop,1526.8791311069592,422.1020596166158,1540.8669144674675,2023,3,13,0,11,19,0.2764475923582763,1066.911519630302,0,2023-03,2023-03
4952,10088,465,Laptop,Electronics,9,209.01315731582199,0.2293704791278291,Cash,UK,Toronto,50,Female,2023-10-06,2023-09-27,47.627794539039556,3,No,4,Desktop,1449.6453835044442,420.5252526212143,1497.2731780434838,2023,9,27,2,39,-9,0.2900883605096688,2308.902419909479,0,2023-02,2023-09
3109,10011,348,Phone,Electronics,5,110.86051459406448,0.023722806292994437,UPI,Canada,Mumbai,33,Male,2023-12-19,2023-10-14,20.403827817238387,3,No,3,Desktop,541.152960404039,131.66013061235412,561.5567882212774,2023,10,14,5,41,-66,0.24329559338278997,1459.6737445427225,0,2023-04,2023-10
1595,10142,363,Phone,Accessories,3,541.57841735907,0.13425086690985244,Card,USA,London,25,Female,2023-03-17,2023-03-07,24.815829825196353,1,No,2,Mobile,1406.613135986847,279.2216482105216,1431.4289658120433,2023,3,7,1,10,-10,0.19850635620193194,3408.1393042882946,0,2023-01,2023-03
2903,10058,339,Monitor,Accessories,5,825.2087383833762,0.03056752619146584,UPI,Canada,London,46,Female,2023-06-25,2023-03-09,36.82042762749714,7,Yes,2,Mobile,3999.920743297079,912.479158865499,4036.741170924576,2023,3,9,3,10,-108,0.22812430981153772,2704.6356171940056,1,2023-02,2023-03
1728,10153,457,Laptop,Accessories,2,119.35224562046626,0.004776080178839581,Card,India,Toronto,40,Male,2023-01-10,2023-07-12,31.445107316296713,1,No,4,Desktop,237.56441945171673,43.42682584418689,269.0095267680134,2023,7,12,2,28,183,0.18280021033626662,1189.003784159761,0,2023-01,2023-07
2365,10108,468,Headphones,Electronics,4,796.0534973198147,0.18485488956377918,UPI,Canada,New York,62,Female,2023-04-27,2023-02-24,19.307269836807027,7,No,3,Desktop,2595.5964639436006,414.6859008906415,2614.9037337804075,2023,2,24,4,8,-62,0.15976516636973356,1651.80146852154,0,2023-02,2023-02
1396,10025,380,Tablet,Electronics,2,815.3405642645171,0.28824882512405653,UPI,USA,Mumbai,48,Male,2023-10-07,2023-06-17,29.92239121405206,4,No,4,Mobile,1160.6392090785696,336.7450904050593,1190.5616002926217,2023,6,17,5,24,-112,0.2901376136279257,2462.8187650520977,0,2023-03,2023-06
1698,10046,359,Laptop,Electronics,2,492.6285200799127,0.27086040702964503,Card,UK,Toronto,57,Male,2023-08-06,2023-01-25,37.88180979632988,9,Yes,1,Mobile,718.3899172333117,88.41802713692559,756.2717270296416,2023,1,25,2,4,-193,0.12307804580198477,1682.2816480615243,0,2023-01,2023-01
4090,10031,487,Phone,Accessories,8,76.16410381027707,0.2090264444806213,Cash,UK,London,31,Male,2023-06-24,2023-05-11,6.905072565612144,7,Yes,4,Mobile,481.9503359500953,81.58393289354997,488.85540851570744,2023,5,11,3,19,-44,0.1692787136100218,1278.4439727940319,0,2023-02,2023-05
3224,10009,487,Monitor,Accessories,1,191.09805422224267,0.028992175249461426,UPI,USA,New York,47,Male,2023-08-22,2023-11-21,5.503968736506685,5,No,2,Mobile,185.55770594440034,51.92234756448493,191.06167468090703,2023,11,21,1,47,91,0.27981779199211865,2573.649059315093,0,2023-01,2023-11
2635,10015,425,Monitor,Electronics,7,713.2777496586937,0.08224921130169004,Card,India,Mumbai,56,Female,2023-09-09,2023-04-12,25.613012258280108,7,Yes,3,Mobile,4582.278521171553,1120.954941147153,4607.891533429833,2023,4,12,2,15,-150,0.24462828611748333,4546.798487176519,1,2023-04,2023-04
1395,10198,210,Tablet,Accessories,5,717.5423860911305,0.09601701806558728,UPI,USA,Toronto,44,Male,2023-10-22,2023-10-09,10.932647801158138,9,Yes,3,Mobile,3243.2305292149695,343.1995959965252,3254.1631770161275,2023,10,9,0,41,-13,0.10582029026459533,2903.90838895423,1,2023-08,2023-10
3492,10144,209,Monitor,Electronics,8,900.388169664312,0.22894501732366834,UPI,India,Mumbai,64,Female,2023-11-18,2023-10-23,34.895493115912146,6,Yes,4,Mobile,5553.990276499921,581.0580999677105,5588.885769615833,2023,10,23,0,43,-26,0.10461993468484942,1809.1680550882843,1,2023-04,2023-10
4304,10150,470,Monitor,Accessories,1,591.0324236234911,0.2406747537705342,Cash,UK,New York,33,Female,2023-01-06,2023-10-21,14.63236053023454,1,Yes,2,Desktop,448.7858405975053,91.23928000336197,463.41820112773985,2023,10,21,5,42,288,0.2033024925249149,1289.8743922165188,0,2023-01,2023-10
4986,10025,472,Laptop,Accessories,7,141.62522035950184,0.11553183689697612,UPI,India,New York,23,Female,2023-01-21,2023-09-20,24.478299805805193,6,Yes,1,Mobile,876.8409895030071,172.60668474921823,901.3192893088124,2023,9,20,2,38,242,0.19685061124600434,2462.8187650520977,0,2023-03,2023-09
1075,10085,382,Headphones,Accessories,5,138.9866073948727,0.1253651989852829,UPI,USA,London,50,Male,2023-03-14,2023-04-30,13.895192159342104,1,No,4,Mobile,607.8126185126254,114.63243126918925,621.7078106719674,2023,4,30,6,17,47,0.18859830773126363,2113.945362050333,0,2023-01,2023-04
1264,10134,352,Tablet,Electronics,4,726.7097102096872,0.0133527117828514,Card,USA,New York,61,Female,2023-11-26,2023-08-19,29.681761358710602,4,No,3,Desktop,2868.024659597831,460.2283388857534,2897.7064209565415,2023,8,19,5,33,-99,0.16046875236780178,2089.605387541751,0,2023-02,2023-08
3502,10013,323,Laptop,Accessories,7,200.10897180574312,0.0867410155256283,Card,USA,Toronto,35,Male,2023-02-05,2023-10-18,10.222405672305602,8,No,2,Desktop,1279.2592146286656,380.3592562290721,1289.4816203009711,2023,10,18,2,42,255,0.29732774396272776,1570.3190183676347,0,2023-01,2023-10
2819,10078,313,Headphones,Accessories,2,341.81778962427325,0.13538555315329198,Cash,India,Mumbai,33,Female,2023-08-21,2023-06-10,6.039808375436611,5,No,3,Desktop,591.0811981967108,91.26143837233766,597.1210065721474,2023,6,10,5,23,-72,0.1543974645966763,1865.6333509340384,0,2023-02,2023-06
1717,10116,477,Laptop,Electronics,1,497.4677667834756,0.03509491391557727,UPI,India,New York,29,Male,2023-08-04,2023-06-10,7.300923714801373,5,Yes,3,Mobile,480.00917833243506,95.0456772019217,487.31010204723646,2023,6,10,5,23,-55,0.1980080412881124,1636.8606134560243,0,2023-02,2023-06
3782,10006,412,Laptop,Accessories,1,44.269580024628176,0.1359802382265064,UPI,India,New York,37,Male,2023-07-25,2023-03-19,47.94162986818895,8,No,3,Mobile,38.24979198669185,6.9223945447351385,86.19142185488079,2023,3,19,6,11,-128,0.18097861936461326,3219.395486351179,0,2023-03,2023-03
4455,10136,371,Monitor,Electronics,1,263.8426464795332,0.2559527436773401,UPI,UK,Toronto,62,Male,2023-02-13,2023-02-07,11.402879837492112,8,No,3,Desktop,196.31139721400618,26.315520258487037,207.7142770514983,2023,2,7,1,6,-6,0.13404988519234842,1515.5427018591542,0,2023-02,2023-02
4635,10114,487,Headphones,Electronics,5,419.7318163371345,0.174396305917516,Cash,Canada,Mumbai,57,Male,2023-04-01,2023-01-28,36.881521391157584,1,Yes,1,Desktop,1732.6606904594446,243.48000165508097,1769.5422118506021,2023,1,28,5,4,-63,0.14052376382505571,2234.644040762402,0,2023-01,2023-01
1850,10175,373,Tablet,Electronics,7,294.04359212334214,0.023678956511523696,UPI,Canada,Mumbai,46,Female,2023-11-12,2023-04-10,8.05667919002718,5,Yes,2,Desktop,2009.566626850729,570.0347714227438,2017.6233060407562,2023,4,10,0,15,-216,0.28366054840195454,1508.8061199860144,0,2023-02,2023-04
4577,10071,312,Tablet,Electronics,2,153.64292091821451,0.0575013956490823,Card,USA,London,47,Female,2023-04-03,2023-10-21,9.867215850583197,5,Yes,4,Mobile,289.6164770676312,78.67603764118803,299.4836929182144,2023,10,21,5,42,201,0.271655944571191,1363.075695726296,0,2023-01,2023-10
2390,10058,321,Headphones,Electronics,8,733.4520126402734,0.14236330504756686,Cash,UK,London,43,Male,2023-12-05,2023-05-04,27.89943131342006,8,Yes,2,Desktop,5032.282880216115,703.5577385384636,5060.182311529535,2023,5,4,3,18,-215,0.13980886116407049,2704.6356171940056,1,2023-02,2023-05
1143,10081,231,Monitor,Accessories,4,816.8847020646252,0.10844614494654362,Card,India,Mumbai,39,Female,2023-03-24,2023-04-02,25.919191856945464,1,No,2,Mobile,2913.1868210396433,801.512445234002,2939.1060128965887,2023,4,2,6,13,9,0.2751325247819027,1453.377599871385,0,2023-04,2023-04
1884,10115,421,Phone,Electronics,3,272.32939662085033,0.10761810586382962,Card,USA,Toronto,50,Male,2023-11-29,2023-09-12,47.82111392479413,7,Yes,2,Mobile,729.0654683564245,103.40862361585393,776.8865822812186,2023,9,12,1,37,-78,0.1418372260161685,776.8865822812186,0,2023-09,2023-09
4140,10166,318,Laptop,Electronics,8,778.9311047141773,0.15878023444307704,Cash,UK,Toronto,56,Male,2023-10-09,2023-04-07,47.517595385933184,7,Yes,4,Mobile,5242.0179303412415,1181.0752035922803,5289.535525727175,2023,4,7,4,14,-185,0.22530926434953943,5289.535525727175,1,2023-04,2023-04
4170,10145,238,Monitor,Electronics,2,397.84249311328756,0.17531877647683722,Card,USA,London,64,Female,2023-01-21,2023-01-06,40.08238891441093,9,Yes,2,Mobile,656.1864679803429,76.28568270071429,696.2688568947538,2023,1,6,4,1,-15,0.11625610466413878,1709.9869196229188,0,2023-01,2023-01
1395,10186,467,Headphones,Electronics,3,516.5520750369227,0.23905847108285733,UPI,UK,New York,46,Male,2023-08-16,2023-06-18,32.094582355730736,2,Yes,4,Desktop,1179.1977772317555,325.54575900859624,1211.2923595874863,2023,6,18,6,24,-59,0.2760739252518236,1749.491036081567,0,2023-03,2023-06
4096,10102,432,Laptop,Accessories,3,858.8810533952898,0.10228996903874539,Cash,UK,Toronto,39,Male,2023-05-10,2023-09-28,25.473214282685497,3,Yes,4,Desktop,2313.078411106562,255.13268728247508,2338.5516253892474,2023,9,28,3,39,141,0.1103000598930934,3516.9420584314985,0,2023-02,2023-09
3995,10016,217,Tablet,Electronics,1,754.9546081663597,0.24163988491217603,Card,Canada,New York,62,Male,2023-06-24,2023-04-18,21.02803404477895,4,Yes,1,Desktop,572.5274635351236,120.79675531147363,593.5554975799025,2023,4,18,1,16,-67,0.21098857785022734,1906.2916662647992,0,2023-04,2023-04
3938,10013,348,Phone,Accessories,6,809.0145142898542,0.10158336873378976,UPI,USA,Toronto,30,Male,2023-04-18,2023-10-26,47.6189396139,1,No,3,Mobile,4360.992567442561,1116.1624899564483,4408.611507056461,2023,10,26,3,43,191,0.25594230503607696,1570.3190183676347,1,2023-01,2023-10
2492,10158,348,Tablet,Electronics,2,154.1082632546297,0.016629896682370148,UPI,India,Mumbai,26,Male,2023-10-10,2023-02-16,32.13089651411085,7,No,4,Desktop,303.0909175176114,37.39140124308947,335.22181403172226,2023,2,16,3,7,-236,0.12336694728213625,3175.3764747180157,0,2023-02,2023-02
4555,10151,325,Headphones,Accessories,1,88.32503731705489,0.16625629530143735,Card,Canada,London,41,Female,2023-03-12,2023-04-09,31.058263745869752,3,No,3,Mobile,73.64044383036014,13.321265666903349,104.69870757622989,2023,4,9,6,14,28,0.1808960535000377,1554.3242325916247,0,2023-01,2023-04
4636,10107,437,Laptop,Electronics,2,895.5366345062273,0.17637069746844436,UPI,Canada,New York,32,Female,2023-02-19,2023-01-14,15.435550479601169,3,Yes,2,Mobile,1475.1804273396413,159.8948512143751,1490.6159778192425,2023,1,14,5,2,-36,0.10839003029801003,1498.903676901721,0,2023-01,2023-01
4222,10187,334,Headphones,Electronics,6,400.07758417967244,0.280362073686558,Cash,India,New York,53,Female,2023-04-05,2023-07-13,7.101401804830088,3,Yes,3,Mobile,1727.466018261306,408.6329770731513,1734.5674200661363,2023,7,13,3,28,99,0.23655051546799183,1079.367572384611,0,2023-07,2023-07
2167,10044,350,Laptop,Accessories,4,302.12208450828723,0.21781839781874232,Card,UK,Mumbai,30,Male,2023-10-06,2023-06-06,47.5334860891795,8,No,3,Desktop,945.2573444601337,152.6495319837156,992.7908305493132,2023,6,6,1,23,-122,0.16148991899227036,1314.2463598068557,0,2023-06,2023-06
3616,10097,435,Monitor,Electronics,6,730.202329176588,0.27533179574833183,UPI,India,Toronto,44,Male,2023-12-03,2023-06-03,19.118086648009424,9,No,3,Mobile,3174.926463748701,672.7003995544414,3194.0445503967103,2023,6,3,5,22,-183,0.211879048927694,2015.3947148917323,1,2023-02,2023-06
2062,10130,423,Phone,Accessories,9,839.6872846482595,0.27250416307290287,UPI,USA,New York,61,Male,2023-05-12,2023-04-25,24.916506049600642,2,No,2,Mobile,5497.821035120045,1575.3811228024729,5522.737541169646,2023,4,25,1,17,-17,0.2865464540840723,2243.7020175982025,1,2023-04,2023-04
3156,10036,402,Monitor,Electronics,8,865.2398294603349,0.18137223307747263,Card,India,Toronto,54,Male,2023-10-03,2023-09-15,10.158797461356809,1,No,2,Desktop,5666.474795548339,913.2749315482091,5676.633593009696,2023,9,15,4,37,-18,0.16117162159896847,1963.309426583294,1,2023-01,2023-09
4764,10170,455,Monitor,Accessories,1,329.67719830272284,0.15832861960093425,Card,UK,Mumbai,24,Male,2023-01-13,2023-05-25,42.66159484591814,9,Yes,4,Desktop,277.4798625815493,30.446615087563938,320.14145742746746,2023,5,25,3,21,132,0.10972549432705554,2586.021855489901,0,2023-01,2023-05
2065,10167,285,Headphones,Electronics,8,855.1681433776405,0.16723229014907998,Card,India,London,25,Male,2023-01-03,2023-10-18,6.243432478516878,6,No,4,Desktop,5697.251330384487,1339.5693727116732,5703.494762863004,2023,10,18,2,42,288,0.2351255535397401,2905.529530566239,1,2023-03,2023-10
2209,10182,349,Phone,Electronics,9,60.11526548685848,0.2934992423031743,Card,UK,New York,54,Female,2023-08-12,2023-01-10,42.52958429445934,9,Yes,1,Mobile,382.24332554050216,98.37728693980159,424.7729098349615,2023,1,10,1,2,-214,0.25736822690283345,2272.7595984489244,0,2023-01,2023-01
3982,10107,434,Laptop,Accessories,6,68.6682616305245,0.23195030752408766,Cash,UK,Toronto,58,Male,2023-06-24,2023-08-02,11.312825575458506,6,Yes,2,Mobile,316.443823369079,92.26670021144663,327.7566489445375,2023,8,2,2,31,39,0.2915737119755152,1498.903676901721,0,2023-01,2023-08
3445,10038,221,Laptop,Electronics,5,631.0488112706713,0.03187977143771875,Card,USA,New York,31,Female,2023-03-31,2023-08-21,44.89538506840184,2,Yes,1,Desktop,3054.6555970065906,401.87102614445877,3099.5509820749926,2023,8,21,0,34,143,0.13156017540513315,2785.658409818378,0,2023-01,2023-08
4294,10014,484,Tablet,Electronics,6,81.84424173323531,0.23352852203441996,Cash,India,Toronto,29,Male,2023-08-29,2023-06-20,37.83976868012708,1,No,2,Mobile,376.3876615454704,67.15809203716374,414.22743022559746,2023,6,20,1,25,-70,0.17842798502322996,973.4380283387828,0,2023-03,2023-06
1633,10119,468,Laptop,Electronics,6,338.1169851399583,0.05116141466946776,Cash,India,Toronto,53,Female,2023-02-04,2023-01-21,12.41016181282873,8,No,3,Mobile,1924.9106511385355,517.4700576258574,1937.3208129513641,2023,1,21,5,3,-14,0.26882809200509494,2886.0770398521227,0,2023-01,2023-01
2156,10003,457,Headphones,Electronics,9,679.3008665219855,0.1342051647016877,Card,USA,Toronto,57,Male,2023-01-14,2023-01-15,30.461809678676065,3,No,1,Desktop,5293.21663663563,1383.5106801588033,5323.678446314306,2023,1,15,6,2,1,0.2613742786537759,2978.079068592042,1,2023-01,2023-01
4234,10092,228,Monitor,Electronics,4,350.5215581331418,0.06313790165296028,Cash,UK,Mumbai,34,Female,2023-07-14,2023-05-06,19.069534145984875,1,Yes,1,Desktop,1313.5614498739565,295.49765602749414,1332.6309840199413,2023,5,6,5,18,-69,0.22495914146677248,1788.6058440859722,0,2023-01,2023-05
2238,10152,412,Monitor,Electronics,2,196.007785811294,0.20687491965996893,Card,India,London,57,Female,2023-11-02,2023-12-07,13.020489451021255,8,Yes,1,Desktop,310.9173817377083,47.842010733154254,323.93787118872956,2023,12,7,3,49,35,0.1538737090405388,739.1684383507621,0,2023-01,2023-12
1732,10140,482,Monitor,Accessories,9,295.7236094167648,0.2631929208579107,Card,USA,New York,46,Male,2023-11-30,2023-12-07,43.66319897349988,1,No,2,Desktop,1961.0212399895029,307.5019715735036,2004.6844389630028,2023,12,7,3,49,7,0.15680705813015552,1651.8324020066102,0,2023-01,2023-12
1234,10160,249,Phone,Accessories,2,468.42382560542313,0.08710856561000428,UPI,UK,London,44,Male,2023-08-01,2023-08-01,23.15852449282532,8,Yes,4,Desktop,855.2401961187679,106.73448870021004,878.3987206115933,2023,8,1,1,31,0,0.12480059892482852,2873.529270375876,0,2023-01,2023-08
4914,10015,294,Laptop,Accessories,9,485.87813824837275,0.024603222362456288,Card,USA,Toronto,18,Female,2023-01-03,2023-07-07,22.934467146442213,1,No,1,Desktop,4265.315733347926,1212.9309690635178,4288.250200494368,2023,7,7,4,27,185,0.2843707347571819,4546.798487176519,1,2023-04,2023-07
3705,10169,287,Headphones,Electronics,2,787.340226720258,0.08954792942248897,UPI,India,Toronto,51,Male,2023-06-28,2023-06-21,12.6449003662979,9,Yes,4,Desktop,1433.6710793328516,192.95249018204484,1446.3159796991495,2023,6,21,2,25,-7,0.13458630292788906,1723.9378024318034,0,2023-05,2023-06
1750,10107,243,Phone,Accessories,8,755.1501648428823,0.20170855737965832,Cash,USA,London,21,Male,2023-02-09,2023-09-04,22.23795542386004,9,Yes,2,Desktop,4822.639315899307,1034.8290208703593,4844.8772713231665,2023,9,4,0,36,207,0.21457732023598128,1498.903676901721,1,2023-01,2023-09
3635,10125,477,Tablet,Electronics,9,467.68144846501247,0.09862803826633498,UPI,Canada,London,41,Male,2023-06-13,2023-01-05,44.22275808479826,9,Yes,1,Mobile,3793.9945020241526,822.804662858447,3838.217260108951,2023,1,5,3,1,-159,0.21687028339642256,2984.8161793496265,1,2023-01,2023-01
4080,10193,370,Headphones,Electronics,9,848.754002116796,0.08343365026614102,Cash,UK,New York,38,Female,2023-11-03,2023-08-19,21.340791972033617,3,Yes,2,Mobile,7001.454217879761,1217.700536829561,7022.795009851795,2023,8,19,5,33,-76,0.17392108823905378,2296.9305727415153,1,2023-01,2023-08
4145,10054,388,Headphones,Electronics,9,131.95239581956793,0.05533055717527948,Card,Canada,Toronto,50,Male,2023-08-23,2023-07-20,47.82216031249046,4,Yes,4,Mobile,1121.862566144324,191.28170966979795,1169.6847264568146,2023,7,20,3,29,-34,0.17050369220109102,1940.9416434274935,0,2023-02,2023-07
1953,10169,383,Headphones,Electronics,2,270.24628322432346,0.14925492806233007,Cash,Canada,London,24,Female,2023-09-14,2023-05-29,47.583900464377436,5,Yes,4,Mobile,459.82138732512993,107.46838956670956,507.4052877895074,2023,5,29,0,22,-108,0.23371768371165594,1723.9378024318034,0,2023-05,2023-05
3539,10033,202,Monitor,Accessories,4,831.4169342322065,0.08278464844715627,Cash,UK,Mumbai,18,Female,2023-12-26,2023-03-13,11.520439668830571,6,Yes,1,Mobile,3050.353502475123,541.924447641239,3061.8739421439536,2023,3,13,0,11,-288,0.17765955558970778,2093.471672116044,0,2023-02,2023-03
3960,10157,390,Headphones,Electronics,7,390.43415785363004,0.21930310474184495,Card,UK,Toronto,58,Male,2023-04-26,2023-08-14,12.97900640851902,9,No,4,Mobile,2133.6751438734295,322.2341891043,2146.6541502819487,2023,8,14,0,33,110,0.15102307866760015,1733.5522609619425,0,2023-05,2023-08
4324,10012,317,Laptop,Accessories,2,981.5579276179653,0.022986720597660815,Cash,USA,Toronto,20,Female,2023-02-21,2023-03-15,43.820333164935015,4,Yes,3,Mobile,1917.9902595707842,344.9051694549113,1961.8105927357192,2023,3,15,2,11,22,0.17982634048000617,2381.769894872753,0,2023-02,2023-03
4301,10140,218,Headphones,Electronics,1,476.9282158972787,0.19920990993339527,Card,UK,New York,61,Male,2023-05-22,2023-11-03,22.674241351612363,6,Yes,3,Mobile,381.9193889636869,99.88430033460212,404.59363031529927,2023,11,3,4,44,165,0.2615324155331092,1651.8324020066102,0,2023-01,2023-11
2542,10017,222,Monitor,Accessories,3,796.0969105044888,0.07126800437033096,UPI,Canada,Mumbai,32,Male,2023-03-27,2023-06-18,5.196829202735421,1,No,1,Mobile,2218.082017222344,650.5538979940973,2223.2788464250793,2023,6,18,6,24,83,0.2932956910262371,1845.723836886662,0,2023-02,2023-06
2197,10159,229,Headphones,Accessories,4,414.2609005547245,0.14678377831548092,Card,Canada,New York,48,Female,2023-02-15,2023-09-06,17.324231886741693,2,No,2,Mobile,1413.8164814517133,321.20503158490357,1431.140713338455,2023,9,6,2,36,203,0.22719004609076898,3012.992431667733,0,2023-01,2023-09
2676,10095,494,Tablet,Accessories,8,436.4544486811818,0.08582697660937817,Card,India,Mumbai,33,Female,2023-11-28,2023-10-07,31.893304693800197,8,No,2,Mobile,3191.9590633853036,818.4829253722796,3223.8523680791036,2023,10,7,5,40,-52,0.25642024509682126,1862.8198283528861,1,2023-04,2023-10
2191,10122,307,Tablet,Accessories,6,395.2254843384998,0.21683060280323868,Cash,UK,New York,27,Female,2023-08-26,2023-06-01,40.96696846819856,4,No,2,Desktop,1857.1710259570855,383.6264814635849,1898.137994425284,2023,6,1,3,22,-86,0.20656497226252202,1844.5432604749508,0,2023-01,2023-06
3217,10038,480,Monitor,Accessories,2,724.6941081005955,0.283592112075491,UPI,Canada,Mumbai,46,Female,2023-01-10,2023-08-12,11.00248776919668,7,Yes,3,Mobile,1038.353150751367,233.5927307261547,1049.3556385205636,2023,8,12,5,32,214,0.22496462841868756,2785.658409818378,0,2023-01,2023-08
2416,10045,327,Laptop,Accessories,9,556.5675263787946,0.27512303384094394,Card,India,Mumbai,23,Female,2023-06-01,2023-08-13,9.97436139875309,4,Yes,4,Desktop,3630.986819856999,1080.6446074831028,3640.961181255752,2023,8,13,6,32,73,0.29761733134731194,1533.1713637498128,1,2023-02,2023-08
3993,10028,428,Laptop,Electronics,2,944.9025491410017,0.17502786454322733,UPI,India,Mumbai,46,Male,2023-03-02,2023-02-07,46.49416941075492,9,No,3,Mobile,1559.0365475268006,292.6058613917776,1605.5307169375556,2023,2,7,1,6,-23,0.1876837729403823,1891.9812460275123,0,2023-02,2023-02
3842,10189,310,Phone,Accessories,5,265.8725102034227,0.13878309097709352,UPI,USA,London,34,Female,2023-01-18,2023-02-13,38.80167655201622,9,Yes,4,Desktop,1144.8695071577642,129.65754716554483,1183.6711837097805,2023,2,13,0,7,26,0.11325093939084001,1202.092273637818,0,2023-01,2023-02
3681,10061,335,Monitor,Electronics,4,118.55147744177546,0.24549015283181452,Cash,Canada,Toronto,39,Male,2023-03-27,2023-07-04,31.54008203501353,4,No,3,Mobile,357.79302850462636,104.26138353575563,389.3331105396399,2023,7,4,1,27,99,0.2914013835638709,1593.0100285361386,0,2023-01,2023-07
2217,10184,385,Headphones,Accessories,7,405.3962553972309,0.20499790878831897,Card,USA,Mumbai,41,Male,2023-05-17,2023-08-29,39.61340554981676,8,Yes,2,Desktop,2256.036095671283,583.438783257846,2295.6495012211,2023,8,29,1,35,104,0.25861234418070955,2930.004441825764,0,2023-04,2023-08
2540,10015,343,Monitor,Electronics,8,624.3784534938404,0.055069234265079856,Cash,Canada,London,34,Female,2023-08-18,2023-11-27,24.29844625879873,6,Yes,2,Mobile,4719.955281346559,847.9969530172067,4744.253727605357,2023,11,27,0,48,101,0.17966207357271427,4546.798487176519,1,2023-04,2023-11
3076,10183,271,Phone,Accessories,5,863.5829581771851,0.24627576408390006,Card,USA,London,38,Female,2023-05-08,2023-12-17,39.1305086289107,1,Yes,2,Desktop,3254.517026511321,964.8959884062928,3293.647535140232,2023,12,17,6,50,223,0.29647901072455374,2459.7131068616527,1,2023-01,2023-12
4236,10120,328,Monitor,Accessories,5,359.2729489467211,0.12866531681841306,UPI,USA,New York,28,Female,2023-04-14,2023-07-29,21.731134607354107,7,Yes,1,Mobile,1565.2349057310284,264.69241409782927,1586.9660403383825,2023,7,29,5,30,106,0.16910715006972524,3122.185045498022,0,2023-04,2023-07
2445,10009,460,Monitor,Electronics,2,660.7110161019724,0.05669569799135253,Card,UK,Toronto,24,Female,2023-07-05,2023-01-23,15.984255762167106,1,Yes,1,Desktop,1246.5030877469906,217.42010344210368,1262.4873435091577,2023,1,23,0,4,-163,0.17442403920160574,2573.649059315093,0,2023-01,2023-01
3386,10157,202,Phone,Accessories,8,363.19470740275466,0.08453920511894773,Card,USA,Toronto,59,Female,2023-06-27,2023-05-04,37.80560395818359,3,No,4,Mobile,2659.924124284136,590.3602395648699,2697.729728242319,2023,5,4,3,18,-54,0.22194627063798417,1733.5522609619425,0,2023-05,2023-05
4719,10152,303,Laptop,Accessories,2,624.875191334569,0.0802581090745027,UPI,UK,New York,56,Male,2023-12-23,2023-03-27,23.885253147077073,8,Yes,1,Desktop,1149.4477801409769,178.0143768148485,1173.333033288054,2023,3,27,0,13,-271,0.15486947723107133,739.1684383507621,0,2023-01,2023-03
2519,10102,423,Headphones,Accessories,6,887.1117880900379,0.15576209238103803,UPI,India,Toronto,22,Male,2023-01-06,2023-02-12,49.16196969467877,9,Yes,3,Desktop,4493.600398807497,1077.180260716551,4542.762368502176,2023,2,12,6,6,37,0.23971429702614655,3516.9420584314985,1,2023-02,2023-02
2388,10083,209,Phone,Electronics,8,246.73048941422084,0.07031102720336264,Card,Canada,New York,61,Male,2023-12-07,2023-02-09,20.726833203864544,3,Yes,3,Desktop,1835.0609220889485,239.60401615069316,1855.787755292813,2023,2,9,3,6,-301,0.1305700607901012,2613.2802426810276,0,2023-02,2023-02
2856,10132,430,Tablet,Accessories,6,416.15680926489836,0.03706994622047285,Cash,India,London,38,Female,2023-11-03,2023-10-30,46.477733923897965,1,Yes,4,Desktop,2404.3793923569897,292.38470957920435,2450.8571262808878,2023,10,30,0,44,-4,0.12160506387163071,1353.1466186924708,0,2023-01,2023-10
2365,10064,418,Laptop,Electronics,4,993.3998925011516,0.03710725518412822,Card,Canada,London,35,Female,2023-02-05,2023-06-18,46.98331468551858,1,Yes,4,Desktop,3826.1501967609033,791.9197384530252,3873.133511446422,2023,6,18,6,24,133,0.20697560151283112,2380.062639211501,1,2023-01,2023-06
1499,10176,265,Tablet,Accessories,4,871.1858876844716,0.17498285914172898,UPI,India,Mumbai,52,Male,2023-11-23,2023-06-24,15.883382617913576,7,No,2,Desktop,2874.9731608540706,606.9032016669868,2890.856543471984,2023,6,24,5,25,-152,0.21109873647888022,2068.1324606578996,0,2023-03,2023-06
2680,10002,311,Laptop,Accessories,6,573.347060738278,0.22042778665481358,Cash,Canada,New York,37,Female,2023-12-22,2023-01-20,40.9199531714606,5,Yes,1,Desktop,2681.7926229281784,325.384618078977,2722.712576099639,2023,1,20,4,3,-336,0.12133101392593815,1889.2530815769592,0,2023-01,2023-01
1510,10172,212,Headphones,Electronics,4,526.2950400171899,0.09645990265150224,UPI,USA,London,32,Female,2023-10-08,2023-04-19,24.48835273150543,1,No,2,Desktop,1902.114686764653,557.006234061944,1926.6030394961585,2023,4,19,2,16,-172,0.2928352522262302,1182.235004958257,0,2023-02,2023-04
4398,10141,285,Headphones,Accessories,8,298.9083746585874,0.010395212944205123,UPI,Canada,London,22,Female,2023-10-27,2023-07-12,46.28861272536566,6,Yes,1,Mobile,2366.409267625641,507.96709867607024,2412.6978803510065,2023,7,12,2,28,-107,0.21465733152141675,1303.3204510999954,0,2023-02,2023-07
1216,10119,433,Monitor,Accessories,9,526.8652391396588,0.03816746608110322,Cash,Canada,New York,30,Male,2023-01-14,2023-09-01,25.255592268585747,6,Yes,1,Mobile,4560.805151959352,593.8487495771597,4586.060744227938,2023,9,1,4,35,230,0.13020699849938522,2886.0770398521227,1,2023-01,2023-09
2324,10157,289,Tablet,Electronics,1,851.2178683143483,0.27440836810111713,UPI,India,London,29,Female,2023-08-25,2023-11-20,38.49366728018148,4,No,4,Mobile,617.6365621716964,100.23531422570484,656.1302294518779,2023,11,20,0,47,87,0.1622885048664598,1733.5522609619425,0,2023-05,2023-11
2155,10067,253,Laptop,Accessories,4,691.4710230122249,0.1480630978768359,UPI,India,Toronto,38,Male,2023-10-12,2023-10-07,26.013533412370904,7,Yes,2,Desktop,2356.35872501188,612.7636469120741,2382.372258424251,2023,10,7,5,40,-5,0.2600468427866325,2512.0019646026153,0,2023-04,2023-10
2827,10145,211,Headphones,Electronics,4,304.24314761442685,0.13607184288455243,UPI,India,London,54,Female,2023-11-26,2023-08-16,15.251034007078529,7,Yes,2,Desktop,1051.3768873341394,215.16039575788372,1066.6279213412179,2023,8,16,2,33,-102,0.20464630557310637,1709.9869196229188,0,2023-01,2023-08
4141,10189,408,Phone,Electronics,2,217.4346426324623,0.011414753493027273,UPI,UK,New York,23,Female,2023-02-19,2023-02-05,13.970755802510883,9,No,1,Mobile,429.9053595719366,59.167732644148266,443.87611537444747,2023,2,5,6,5,-14,0.13762966970931112,1202.092273637818,0,2023-01,2023-02
4323,10036,213,Headphones,Electronics,6,279.90436625689256,0.21859110669506973,UPI,UK,Toronto,24,Male,2023-09-18,2023-02-14,24.14440374153555,1,Yes,1,Mobile,1312.3185664080977,158.2259797553486,1336.4629701496333,2023,2,14,1,7,-216,0.12056979441236094,1963.309426583294,0,2023-01,2023-02
4486,10152,320,Phone,Accessories,3,186.36401736496998,0.15842042427962366,UPI,Canada,Toronto,43,Female,2023-04-20,2023-01-28,38.99725956563967,5,No,4,Desktop,470.52045199066885,87.58967942946609,509.51771155630854,2023,1,28,5,4,-82,0.18615488244749695,739.1684383507621,0,2023-01,2023-01
2810,10175,219,Laptop,Electronics,7,113.72788210324163,0.06062428082595623,UPI,Canada,London,59,Female,2023-07-16,2023-06-03,32.22821683313451,3,No,3,Desktop,747.8324772861142,125.24918322256116,780.0606941192488,2023,6,3,5,22,-43,0.16748294173728684,1508.8061199860144,0,2023-02,2023-06
3492,10192,274,Headphones,Electronics,5,430.75345095321387,0.03302212805431715,UPI,USA,Mumbai,25,Female,2023-09-09,2023-01-23,35.98831804552445,7,No,2,Mobile,2082.6452766799894,481.47316287580406,2118.633594725514,2023,1,23,0,4,-229,0.23118347049639468,2256.818108289417,0,2023-01,2023-01
3923,10180,442,Headphones,Accessories,4,131.03361231030235,0.11501635908959955,UPI,USA,Toronto,26,Male,2023-03-29,2023-07-26,17.70468578293741,4,Yes,2,Desktop,463.85041321605297,132.22028076644648,481.5550989989904,2023,7,26,2,30,119,0.285049397390233,3481.4245266139274,0,2023-07,2023-07
2205,10072,422,Laptop,Electronics,5,188.47430657256226,0.2511485892585077,Card,Canada,New York,44,Female,2023-11-09,2023-04-01,26.664590568092247,4,Yes,4,Mobile,705.6962518269388,105.53409200966195,732.360842395031,2023,4,1,5,13,-222,0.14954605715483177,3274.2724532220573,0,2023-02,2023-04
3214,10142,269,Headphones,Accessories,8,556.3781906526964,0.25958836776030736,Card,UK,Mumbai,21,Female,2023-01-26,2023-12-25,6.997786923619715,1,No,4,Desktop,3295.591074269839,893.2593708149101,3302.5888611934583,2023,12,25,0,52,333,0.271046786656569,3408.1393042882946,1,2023-01,2023-12
1090,10048,410,Phone,Accessories,3,181.30728822558322,0.18085391411869092,UPI,Canada,Mumbai,38,Female,2023-09-19,2023-02-07,41.78895871811543,1,Yes,2,Mobile,445.5514664752226,126.57778351371103,487.34042519333804,2023,2,7,1,6,-224,0.2840923956890401,1617.7395766141738,0,2023-01,2023-02
1713,10120,300,Headphones,Accessories,7,82.6021720822848,0.2182609281690428,Card,USA,Toronto,48,Female,2023-05-24,2023-08-16,49.54514730079436,2,No,2,Mobile,452.01341734378417,126.74479722225178,501.55856464457855,2023,8,16,2,33,84,0.2804005198939803,3122.185045498022,0,2023-04,2023-08
2881,10087,385,Tablet,Accessories,6,331.0410730273275,0.03454673622086111,Cash,UK,London,38,Female,2023-03-01,2023-07-21,23.30955781811019,2,Yes,1,Desktop,1917.6281063950898,556.9088601125006,1940.9376642132,2023,7,21,4,29,142,0.2904154659890871,2239.3537908479384,0,2023-07,2023-07
4602,10195,331,Monitor,Electronics,1,235.91271664952816,0.17643781964035646,Card,UK,Mumbai,57,Male,2023-12-22,2023-12-16,5.493364390919451,1,No,3,Mobile,194.2887912984522,52.1513323969456,199.78215568937165,2023,12,16,5,50,-6,0.26842172442585505,1446.9719914795533,0,2023-03,2023-12
1038,10139,310,Phone,Electronics,7,524.9990842344891,0.20008971104615453,UPI,USA,London,42,Male,2023-09-25,2023-11-05,12.64066877979263,8,Yes,2,Desktop,2939.665184193601,642.8965478935055,2952.3058529733935,2023,11,5,6,44,41,0.21869720107933405,2457.0349948692847,0,2023-01,2023-11
4197,10186,331,Tablet,Electronics,7,120.31974289154512,0.06021385287413766,UPI,Canada,Toronto,56,Female,2023-03-16,2023-09-11,34.36370949876885,6,No,4,Desktop,791.5237931665368,144.0329670497812,825.8875026653056,2023,9,11,0,37,179,0.18196921974204838,1749.491036081567,0,2023-03,2023-09
4522,10036,219,Laptop,Electronics,1,756.7353719293186,0.26404641987307764,Card,India,New York,32,Female,2023-01-03,2023-02-07,32.54356931917366,6,Yes,1,Desktop,556.9221061800602,110.45857009419375,589.4656754992338,2023,2,7,1,6,35,0.19833755720675425,1963.309426583294,0,2023-01,2023-02
1172,10060,223,Phone,Electronics,9,908.1088490464358,0.058499021256305926,UPI,Canada,Mumbai,52,Male,2023-03-04,2023-08-09,40.453912381349475,9,No,1,Desktop,7694.86833164726,2112.4139912198,7735.322244028609,2023,8,9,2,32,158,0.27452243497551704,3143.138235630408,1,2023-03,2023-08
1652,10170,426,Monitor,Accessories,6,748.5664704770705,0.09404320795393513,Cash,Canada,New York,60,Female,2023-08-24,2023-07-06,16.424780493248065,5,Yes,4,Desktop,4069.0132693599126,652.1801263508038,4085.4380498531605,2023,7,6,3,27,-49,0.1602796754834365,2586.021855489901,1,2023-01,2023-07
1753,10123,353,Monitor,Electronics,2,542.1704966533664,0.18616705410703757,Cash,USA,London,58,Female,2023-08-17,2023-02-12,39.363436199621034,4,No,4,Mobile,882.4724249353194,116.35605321443057,921.8358611349404,2023,2,12,6,6,-186,0.13185233886821887,1466.1552552821329,0,2023-02,2023-02
2243,10197,492,Laptop,Electronics,5,863.4544653531074,0.19150501953921922,UPI,UK,London,54,Female,2023-10-02,2023-12-25,35.95928096856514,6,Yes,1,Desktop,3490.493005472172,447.35499973363164,3526.452286440737,2023,12,25,0,52,84,0.12816384362675903,2593.5554779252766,1,2023-01,2023-12
4709,10038,429,Laptop,Electronics,4,701.0200121858774,0.20981542229621017,Cash,USA,New York,59,Female,2023-01-18,2023-04-24,19.526652397122948,8,Yes,4,Desktop,2215.7408091640123,588.0552221414376,2235.2674615611354,2023,4,24,0,17,96,0.26539892198100007,2785.658409818378,0,2023-01,2023-04
2081,10183,401,Phone,Accessories,7,30.34010000118606,0.0336035139204617,Cash,Canada,Toronto,64,Female,2023-03-21,2023-09-17,29.54696666256329,1,No,1,Mobile,205.24396219913604,51.78246410397715,234.7909288616993,2023,9,17,6,37,180,0.25229713726601954,2459.7131068616527,0,2023-01,2023-09
2683,10062,237,Headphones,Accessories,8,406.20834971901303,0.2548393289785666,Card,India,Toronto,45,Female,2023-08-03,2023-01-05,11.627321382424702,7,Yes,4,Desktop,2421.5238916090307,483.1644057392311,2433.1512129914554,2023,1,5,3,1,-210,0.1995290682092683,2209.032053150145,0,2023-01,2023-01
3523,10045,459,Laptop,Electronics,1,853.9328614186641,0.15985413968497794,Cash,India,Mumbai,31,Female,2023-06-20,2023-03-09,25.36540265460122,8,Yes,1,Mobile,717.428158507852,111.18291634730058,742.7935611624532,2023,3,9,3,10,-103,0.15497428561843063,1533.1713637498128,0,2023-02,2023-03
1455,10087,387,Headphones,Accessories,5,358.9416808157639,0.1413965382315205,Card,India,Mumbai,21,Female,2023-11-25,2023-08-16,44.65388028000384,9,Yes,2,Desktop,1540.9428486070574,362.9269202555668,1585.5967288870613,2023,8,16,2,33,-101,0.23552263510852225,2239.3537908479384,0,2023-07,2023-08
1828,10010,256,Tablet,Electronics,3,54.51087005501303,0.29432928735405284,UPI,USA,Toronto,37,Male,2023-09-12,2023-05-03,23.953612092142585,8,Yes,2,Mobile,115.400173556015,12.427054578401952,139.35378564815758,2023,5,3,2,18,-132,0.10768661948649398,2494.194147085926,0,2023-02,2023-05
1894,10061,219,Monitor,Electronics,1,751.2560457812268,0.2221134890823059,Card,UK,Toronto,51,Male,2023-05-06,2023-06-22,42.78050179139399,7,No,4,Desktop,584.391944258582,124.85274602170769,627.1724460499761,2023,6,22,3,25,47,0.21364556313333227,1593.0100285361386,0,2023-01,2023-06
2384,10076,472,Headphones,Accessories,3,805.9975048772112,0.03540180798581246,UPI,USA,New York,29,Female,2023-09-12,2023-12-02,31.56140143668625,3,Yes,3,Desktop,2332.3912079175125,419.09579290794653,2363.9526093541986,2023,12,2,5,48,81,0.17968503374789274,1458.6306000126456,0,2023-04,2023-12
2958,10152,318,Monitor,Accessories,6,177.3818211424424,0.2269617501678722,UPI,India,London,50,Female,2023-03-13,2023-06-02,13.634452089606054,2,Yes,2,Desktop,822.7375954079351,243.1781362945821,836.3720474975412,2023,6,2,4,22,81,0.2955719267623937,739.1684383507621,0,2023-01,2023-06
4072,10198,270,Headphones,Electronics,7,546.5936869063175,0.028574680191860845,UPI,Canada,London,41,Female,2023-02-07,2023-09-24,31.149781011405338,3,No,1,Desktop,3716.824629756556,748.9849499715308,3747.974410767961,2023,9,24,6,38,229,0.2015120498221052,2903.90838895423,1,2023-08,2023-09
3434,10051,203,Tablet,Electronics,8,208.11633021581125,0.008241168753895455,UPI,UK,Mumbai,37,Female,2023-11-20,2023-06-06,27.769249812067855,4,Yes,3,Desktop,1651.2096673444905,347.50293709614823,1678.9789171565583,2023,6,6,1,23,-167,0.21045355049005354,2255.2893243179233,0,2023-06,2023-06
2996,10003,420,Laptop,Accessories,4,724.8497306632638,0.12108776858096913,UPI,USA,Toronto,22,Male,2023-07-23,2023-06-11,22.93886008383728,4,No,1,Mobile,2548.3171768829307,617.8969199725751,2571.256036966768,2023,6,11,6,23,-42,0.24247253268856384,2978.079068592042,0,2023-01,2023-06
3395,10058,213,Tablet,Electronics,3,286.11944607393593,0.2980734518457656,Card,USA,New York,55,Male,2023-06-21,2023-08-02,10.383369778223166,6,Yes,1,Mobile,602.5045054274384,118.63777412897782,612.8878752056615,2023,8,2,2,31,42,0.19690769622512933,2704.6356171940056,0,2023-02,2023-08
1189,10071,202,Laptop,Accessories,5,329.89082011206347,0.05246518085845879,UPI,UK,Mumbai,47,Male,2023-08-11,2023-01-26,23.751889873125343,7,No,2,Desktop,1562.915192856694,226.48786066696647,1586.6670827298192,2023,1,26,3,4,-197,0.14491372385535028,1363.075695726296,0,2023-01,2023-01
1504,10147,415,Laptop,Electronics,9,848.0714365672993,0.201793303058037,Cash,UK,New York,41,Male,2023-08-05,2023-10-19,8.27430693078322,4,Yes,4,Mobile,6092.426701378885,1263.907849812111,6100.701008309668,2023,10,19,3,42,75,0.2074555693096896,2307.2970970929723,1,2023-03,2023-10
2214,10092,428,Monitor,Accessories,6,486.79590516276625,0.052018819861835805,Cash,Canada,Toronto,60,Female,2023-09-02,2023-07-08,9.444607312943806,6,No,4,Desktop,2768.84013997575,799.789924527936,2778.284747288694,2023,7,8,5,27,-56,0.28885377417814406,1788.6058440859722,0,2023-01,2023-07
2531,10062,385,Tablet,Electronics,9,676.3593621938829,0.2174360924875158,UPI,UK,Toronto,57,Female,2023-12-02,2023-05-02,23.71624398197222,9,No,1,Desktop,4763.649828249869,866.8994645022818,4787.366072231841,2023,5,2,1,18,-214,0.18198219763369436,2209.032053150145,1,2023-01,2023-05
4440,10053,254,Headphones,Electronics,6,414.3255897080183,0.15160610047134784,Cash,Canada,Toronto,24,Female,2023-07-10,2023-08-18,18.742166688580866,6,No,2,Desktop,2109.0678163613643,497.5885546103189,2127.809983049945,2023,8,18,4,33,39,0.2359281909999346,2688.867835722876,0,2023-05,2023-08
4480,10116,453,Tablet,Accessories,2,312.0467200498803,0.20399151302681287,Card,India,London,53,Male,2023-10-25,2023-02-28,46.649494663800056,3,Yes,1,Mobile,496.78367498370187,146.8526512212371,543.4331696475019,2023,2,28,1,9,-239,0.295606837777137,1636.8606134560243,0,2023-02,2023-02
1823,10109,223,Monitor,Electronics,5,632.9684992161681,0.060861952774270374,Card,India,Toronto,55,Female,2023-11-16,2023-04-06,21.906761242112175,1,No,3,Desktop,2972.2240015463644,790.5654037683172,2994.1307627884767,2023,4,6,3,14,-224,0.26598446259669806,1721.8657859198647,0,2023-03,2023-04
1928,10073,361,Laptop,Electronics,9,171.76042259724485,0.2236884997561506,UPI,USA,Mumbai,33,Female,2023-07-01,2023-09-19,39.103615493244504,5,Yes,1,Mobile,1200.0563221408624,278.1812477967393,1239.1599376341069,2023,9,19,1,38,80,0.23180682661666474,3163.721481794248,0,2023-04,2023-09
1933,10106,357,Monitor,Accessories,8,385.5398388555257,0.298685717886812,UPI,India,London,32,Male,2023-11-30,2023-12-20,28.861138686480924,3,No,2,Desktop,2163.0767625039775,534.7110564888508,2191.9379011904584,2023,12,20,2,51,20,0.24719929766610282,1635.3902971106863,0,2023-01,2023-12
2140,10056,281,Phone,Electronics,7,224.85629663820384,0.1996951501877879,UPI,India,New York,63,Male,2023-07-24,2023-11-08,36.68385508890509,8,No,1,Desktop,1259.6750929725756,361.9004337998913,1296.3589480614808,2023,11,8,2,45,107,0.287296649603415,1304.4583720647793,0,2023-01,2023-11
1133,10168,358,Phone,Electronics,1,701.8790676019306,0.1480439994218633,Cash,Canada,Mumbai,40,Male,2023-12-27,2023-05-16,16.705219235692965,1,No,2,Mobile,597.9700833236525,174.57761750003164,614.6753025593455,2023,5,16,1,20,-225,0.2919504208800713,3779.6119602690846,0,2023-02,2023-05
3105,10002,387,Headphones,Electronics,4,945.3246615791854,0.2769521965857794,Cash,USA,Mumbai,29,Male,2023-07-18,2023-12-16,47.385723777724806,2,Yes,4,Desktop,2734.059680272486,803.2493073437255,2781.4454040502105,2023,12,16,5,50,151,0.2937936260643992,1889.2530815769592,0,2023-01,2023-12
4627,10119,259,Monitor,Accessories,7,995.6007486555491,0.00475555266956289,Card,UK,New York,46,Male,2023-11-28,2023-10-10,28.85398236114908,3,Yes,2,Mobile,6936.0628180022295,1561.5042087542004,6964.916800363379,2023,10,10,1,41,-49,0.2251283256405044,2886.0770398521227,1,2023-01,2023-10
1684,10005,410,Headphones,Accessories,7,461.2712742327589,0.21897705578574633,Cash,USA,London,61,Female,2023-06-14,2023-04-30,42.409583207836235,3,No,3,Desktop,2521.8441407791083,446.220978098333,2564.2537239869444,2023,4,30,6,17,-45,0.17694232997304732,2582.951268592836,0,2023-02,2023-04
3719,10004,351,Headphones,Accessories,6,267.4797818437156,0.2666239550441439,Card,India,Mumbai,32,Female,2023-08-30,2023-01-25,21.427056206425107,8,No,2,Desktop,1176.9795870851963,149.0416616561372,1198.4066432916213,2023,1,25,2,4,-217,0.12663062579126,1850.9581124109795,0,2023-01,2023-01
3220,10004,308,Phone,Electronics,8,453.97278297663763,0.018502375086287236,Cash,UK,Mumbai,46,Male,2023-05-10,2023-12-08,9.509510707273604,5,No,3,Desktop,3564.5856661363055,631.3223424507308,3574.095176843579,2023,12,8,4,49,212,0.1771096002680806,1850.9581124109795,1,2023-01,2023-12
2852,10053,275,Headphones,Electronics,6,850.3240217634693,0.13501925112472746,Card,USA,Mumbai,62,Female,2023-08-15,2023-05-26,35.3170241474382,8,No,3,Mobile,4413.083454789596,1273.5765686584314,4448.400478937034,2023,5,26,4,21,-81,0.28859109094712376,2688.867835722876,1,2023-05,2023-05
1814,10046,229,Phone,Electronics,3,221.88556498099908,0.06141583618499967,UPI,USA,London,60,Female,2023-05-02,2023-01-12,5.349184175184102,6,No,1,Desktop,624.7748324109298,173.66204762246193,630.1240165861138,2023,1,12,3,2,-110,0.2779594161184779,1682.2816480615243,0,2023-01,2023-01
2172,10176,316,Laptop,Electronics,4,953.0537386198653,0.169955449676349,Cash,USA,London,38,Female,2023-02-13,2023-03-28,26.388183945447874,2,No,3,Mobile,3164.308247628002,647.8349422859319,3190.69643157345,2023,3,28,1,13,43,0.20473193241257567,2068.1324606578996,1,2023-03,2023-03
1079,10008,391,Monitor,Accessories,3,355.02845342218797,0.19486288758109815,Card,USA,London,32,Female,2023-07-15,2023-04-19,13.676085619990666,4,No,2,Desktop,857.539751444667,177.8549941584124,871.2158370646576,2023,4,19,2,16,-87,0.2074014573187848,2251.923932231075,0,2023-04,2023-04
3933,10098,218,Headphones,Electronics,1,986.0875862612988,0.0907869548786265,Cash,Canada,Mumbai,31,Male,2023-12-24,2023-12-11,33.2318976995913,9,No,4,Desktop,896.5636970610205,145.04972385215183,929.7955947606118,2023,12,11,0,50,-13,0.1617840699189939,2252.979146615021,0,2023-04,2023-12
4284,10019,372,Phone,Electronics,5,841.836709783283,0.13799450090343024,UPI,USA,Toronto,59,Female,2023-07-23,2023-09-23,49.073894291203345,4,Yes,2,Mobile,3628.339365872765,692.6557105157764,3677.4132601639685,2023,9,23,5,38,62,0.1909015780140963,3563.0931788923244,1,2023-04,2023-09
1202,10121,427,Tablet,Electronics,1,812.3991234644425,0.08380184558296784,Card,India,New York,61,Female,2023-11-14,2023-08-10,25.898130784429068,5,No,4,Desktop,744.3185775681368,180.7873151077473,770.2167083525659,2023,8,10,3,32,-96,0.242889698787879,2780.2592182564977,0,2023-01,2023-08
3811,10060,382,Headphones,Accessories,1,331.5465802978179,0.11081734933653413,Cash,India,Toronto,33,Female,2023-09-14,2023-03-15,41.787421543655,5,Yes,3,Desktop,294.80546708762137,53.208302317763675,336.59288863127637,2023,3,15,2,11,-183,0.18048614512955838,3143.138235630408,0,2023-03,2023-03
2252,10122,312,Laptop,Electronics,2,28.601667708970876,0.04786198700652707,Cash,Canada,London,32,Male,2023-01-17,2023-11-29,27.850288412800445,8,No,1,Mobile,54.46547012143821,7.494273005717718,82.31575853423865,2023,11,29,2,48,316,0.13759677441520676,1844.5432604749508,0,2023-01,2023-11
2699,10162,382,Laptop,Electronics,4,394.49025064946807,0.2656678330756894,UPI,UK,Mumbai,59,Female,2023-09-29,2023-11-06,27.312801399681085,6,Yes,3,Mobile,1158.7475223597532,241.218691617595,1186.0603237594344,2023,11,6,0,45,38,0.20817191576501554,1201.5628455087915,0,2023-08,2023-11
2250,10177,345,Tablet,Electronics,6,315.7731822694398,0.0030031231677409287,UPI,UK,Mumbai,21,Male,2023-01-09,2023-04-12,46.869057193045,7,Yes,3,Mobile,1888.949259060091,274.02492429211753,1935.818316253136,2023,4,12,2,15,93,0.1450673822908656,2551.775995472861,0,2023-04,2023-04
2682,10081,315,Phone,Electronics,8,56.649050600621344,0.26472275593313654,Card,India,Toronto,44,Male,2023-09-06,2023-05-17,45.048464093600664,6,No,4,Desktop,333.2220624370333,98.25302800795437,378.27052653063396,2023,5,17,2,20,-112,0.29485751120252,1453.377599871385,0,2023-04,2023-05
2555,10061,312,Headphones,Electronics,3,515.2579513758111,0.17150366350492155,Cash,India,Toronto,40,Male,2023-07-20,2023-07-10,40.361020933458846,5,Yes,2,Mobile,1280.6679751944564,228.04596298249916,1321.0289961279152,2023,7,10,0,28,-10,0.17806798280239083,1593.0100285361386,0,2023-01,2023-07
4512,10144,450,Phone,Accessories,1,414.9706850570819,0.09949735325310524,Cash,Canada,New York,46,Male,2023-02-28,2023-05-22,18.331508899255283,5,Yes,1,Mobile,373.68220021627434,105.35334163174129,392.01370911552965,2023,5,22,0,21,83,0.2819329943218232,1809.1680550882843,0,2023-04,2023-05
4473,10002,450,Laptop,Electronics,3,641.8653383866942,0.21691713763809892,UPI,UK,Mumbai,58,Female,2023-05-20,2023-12-23,29.525378707577325,3,No,1,Desktop,1507.9012393042283,218.81275413214817,1537.4266180118057,2023,12,23,5,51,217,0.14511079932072485,1889.2530815769592,0,2023-01,2023-12
3094,10159,317,Phone,Electronics,3,628.7625957502015,0.1523256455587993,UPI,UK,Toronto,26,Male,2023-04-29,2023-03-14,15.075375498755825,7,No,1,Mobile,1598.9577823479772,220.4032205395959,1614.033157846733,2023,3,14,1,11,-46,0.1378418010611553,3012.992431667733,0,2023-01,2023-03
2256,10012,360,Laptop,Electronics,5,138.33170317874652,0.14973259743228196,Card,USA,New York,60,Male,2023-02-10,2023-11-24,24.97625141209429,5,No,1,Mobile,588.0946897728068,131.3687245979044,613.070941184901,2023,11,24,4,47,287,0.22338022580794747,2381.769894872753,0,2023-02,2023-11
4376,10119,397,Phone,Electronics,4,977.4262352040901,0.03304268487568993,Cash,USA,London,60,Male,2023-11-18,2023-06-16,26.789587959190577,7,Yes,2,Desktop,3780.517792500037,967.3430737756003,3807.3073804592277,2023,6,16,4,24,-155,0.2558758156606641,2886.0770398521227,1,2023-01,2023-06
2549,10124,459,Tablet,Electronics,4,203.19280085261798,0.1168548077836226,Cash,USA,Toronto,24,Male,2023-11-27,2023-06-17,42.42380180761989,2,No,1,Mobile,717.7949806638776,153.14364989666515,760.2187824714974,2023,6,17,5,24,-163,0.21335291277047513,1907.9085217874017,0,2023-02,2023-06
2166,10088,347,Monitor,Electronics,9,456.36854426941045,0.07231930375702099,Card,Canada,London,59,Male,2023-09-24,2023-02-23,45.32127643962469,9,Yes,4,Desktop,3810.278600021173,556.1449751257885,3855.599876460798,2023,2,23,3,8,-213,0.14595913672105187,2308.902419909479,1,2023-02,2023-02
4486,10072,439,Tablet,Electronics,7,498.35519256506024,0.004708771678883894,Card,India,New York,21,Female,2023-01-08,2023-09-16,23.657902807841502,8,No,4,Mobile,3472.059862237996,373.5202854987204,3495.7177650458375,2023,9,16,5,37,251,0.10757887257679921,3274.2724532220573,1,2023-02,2023-09
4584,10067,246,Tablet,Electronics,4,816.8015412698377,0.10802988923463398,UPI,Canada,London,22,Male,2023-07-02,2023-04-21,5.796700028295675,5,No,1,Mobile,2914.250244959115,651.7946942181853,2920.046944987411,2023,4,21,4,16,-72,0.223657764238201,2512.0019646026153,0,2023-04,2023-04
2396,10141,397,Monitor,Electronics,3,117.24500417275382,0.026946638827681422,UPI,UK,Mumbai,22,Female,2023-05-14,2023-08-20,43.77982279052096,2,Yes,1,Desktop,342.25693617288186,43.19537347292979,386.0367589634028,2023,8,20,6,33,98,0.12620744507310966,1303.3204510999954,0,2023-02,2023-08
4637,10100,246,Monitor,Electronics,6,440.0713936243611,0.07704901131755555,Card,India,Mumbai,28,Female,2023-06-30,2023-06-10,12.84254053256123,6,Yes,2,Mobile,2436.9859670187916,410.9618045838793,2449.8285075513527,2023,6,10,5,23,-20,0.16863527740646625,1897.4383223307564,0,2023-02,2023-06
4957,10097,277,Headphones,Accessories,3,635.9321268314799,0.027754986354928336,Card,USA,London,58,Male,2023-12-21,2023-12-18,32.984688375067705,8,Yes,2,Desktop,1854.845517985835,436.1798160926325,1887.8302063609026,2023,12,18,0,51,-3,0.23515695073424628,2015.3947148917323,0,2023-02,2023-12
4330,10010,323,Headphones,Accessories,6,230.85250919157443,0.030282487666919655,Cash,Canada,Mumbai,45,Female,2023-03-13,2023-11-23,6.123690519535904,7,No,1,Mobile,1343.1703255746188,160.64946787780607,1349.2940160941548,2023,11,23,3,47,255,0.11960468811658638,2494.194147085926,0,2023-02,2023-11
3703,10104,274,Tablet,Accessories,9,634.9185407907513,0.05970338832455648,Card,Canada,New York,33,Female,2023-04-23,2023-01-19,22.977791386725393,8,No,2,Mobile,5373.105773359143,674.0577094750478,5396.083564745869,2023,1,19,3,3,-94,0.12545029595679116,4169.8114415774935,1,2023-01,2023-01
1470,10183,336,Tablet,Accessories,6,925.1915407986596,0.2999547733459201,Card,USA,Mumbai,58,Female,2023-04-17,2023-10-17,49.36821359519074,4,No,3,Desktop,3886.0555312610104,436.53321432586625,3935.423744856201,2023,10,17,1,42,183,0.11233324146148083,2459.7131068616527,1,2023-01,2023-10
4018,10066,289,Laptop,Electronics,4,997.5677685492215,0.0006552428571746316,Cash,Canada,London,47,Male,2023-10-17,2023-02-19,9.53121204967114,3,Yes,1,Desktop,3987.6564775773277,1193.1699258707106,3997.1876896269987,2023,2,19,6,7,-240,0.2992158257813653,2041.7879172047167,1,2023-02,2023-02
2035,10122,260,Laptop,Accessories,5,51.802055254862196,0.19160179083612158,Card,USA,London,21,Male,2023-11-09,2023-06-24,24.066191839983905,7,Yes,2,Mobile,209.38344349519437,37.14783769087776,233.44963533517827,2023,6,24,5,25,-138,0.17741535372031625,1844.5432604749508,0,2023-01,2023-06
2353,10028,337,Headphones,Accessories,6,250.87646367978397,0.0423731094079672,UPI,UK,London,19,Male,2023-04-27,2023-10-29,18.821747758547847,2,Yes,4,Mobile,1441.4762870183795,405.2840797389002,1460.2980347769274,2023,10,29,6,43,185,0.2811590335469269,1891.9812460275123,0,2023-02,2023-10
3783,10136,249,Headphones,Electronics,3,324.1009734758635,0.27618844101323275,UPI,India,Toronto,63,Male,2023-04-30,2023-07-03,45.72896555247189,5,Yes,1,Mobile,703.764092642081,111.69941535189028,749.4930581945529,2023,7,3,0,27,64,0.1587171276848564,1515.5427018591542,0,2023-02,2023-07
3831,10194,458,Laptop,Accessories,8,411.1435784360668,0.02808986800008877,Cash,UK,London,20,Male,2023-05-27,2023-07-04,44.12030485583098,7,No,1,Desktop,3196.756876709708,801.2367836046251,3240.877181565539,2023,7,4,1,27,38,0.25064051302809914,2201.4848957995373,1,2023-03,2023-07
1967,10152,306,Laptop,Accessories,4,257.41201443307204,0.28651895613787093,Card,UK,New York,38,Male,2023-11-23,2023-12-05,15.696444213780298,1,Yes,4,Desktop,734.6343710414467,105.65021028230915,750.330815255227,2023,12,5,1,49,12,0.14381332326247578,739.1684383507621,0,2023-01,2023-12
1357,10075,312,Phone,Electronics,8,219.41823466420627,0.1832779162450434,UPI,USA,Mumbai,23,Male,2023-07-29,2023-11-03,8.653450417269402,4,Yes,4,Mobile,1433.6297426302767,286.2455993108934,1442.283193047546,2023,11,3,4,44,97,0.1996649419296501,1198.862477460134,0,2023-07,2023-11
4019,10169,453,Phone,Electronics,3,955.46276556915,0.0003804230746470738,UPI,Canada,Mumbai,60,Female,2023-10-23,2023-11-06,33.221227732750286,2,No,2,Mobile,2865.2978564584837,759.0837276870734,2898.519084191234,2023,11,6,0,45,14,0.26492314785915594,1723.9378024318034,0,2023-05,2023-11
4479,10008,317,Laptop,Electronics,7,920.1511707151075,0.2682021593750418,UPI,UK,Toronto,35,Female,2023-04-13,2023-12-12,20.13659203476694,6,No,4,Mobile,4713.5524784449,1240.9222536748389,4733.689070479667,2023,12,12,1,50,243,0.2632668797790165,2251.923932231075,1,2023-04,2023-12
1667,10039,397,Phone,Accessories,9,66.05265098305512,0.15651354041007548,UPI,UK,Toronto,61,Male,2023-05-04,2023-03-22,35.24379757727284,1,Yes,3,Desktop,501.430650518035,129.79840441202296,536.6744480953079,2023,3,22,2,12,-43,0.2588561434725349,2449.0567001257323,0,2023-02,2023-03
1372,10024,250,Monitor,Accessories,4,352.0367611727512,0.07880092059914535,Card,UK,New York,22,Female,2023-09-02,2023-06-05,6.445389023051652,7,Yes,1,Mobile,1297.1837612303877,343.4253569550899,1303.6291502534393,2023,6,5,0,23,-89,0.26474688260771057,1066.911519630302,0,2023-03,2023-06
2031,10004,444,Headphones,Electronics,8,417.0455826048385,0.23018375325468904,Card,Canada,London,26,Male,2023-12-22,2023-10-02,11.002965582987024,3,Yes,3,Desktop,2568.3877209805464,365.4673342248075,2579.3906865635336,2023,10,2,0,40,-81,0.14229445626117584,1850.9581124109795,0,2023-01,2023-10
2145,10138,234,Headphones,Electronics,3,254.23424397262448,0.277999666166061,Card,Canada,Toronto,37,Male,2023-07-28,2023-10-10,35.88675047476895,1,Yes,2,Desktop,550.6716270607619,108.17572658727696,586.5583775355309,2023,10,10,1,41,74,0.19644325451207728,888.4924876191926,0,2023-09,2023-10
2371,10186,268,Laptop,Accessories,7,636.2954390484119,0.14510724694403818,Card,USA,Mumbai,45,Male,2023-11-10,2023-09-06,14.5566794886124,8,Yes,4,Mobile,3807.750517515342,750.0289734166857,3822.307197003954,2023,9,6,2,36,-65,0.19697429491943172,1749.491036081567,1,2023-03,2023-09
3723,10123,248,Tablet,Electronics,3,647.5731317113563,0.09466604233293326,UPI,UK,Toronto,43,Female,2023-04-19,2023-05-27,43.59144540930807,7,Yes,1,Desktop,1758.8098386332963,489.1258910783158,1802.4012840426044,2023,5,27,5,21,38,0.2781004974695825,1466.1552552821329,0,2023-02,2023-05
1089,10037,273,Laptop,Accessories,7,853.4941437620251,0.23668353718047802,Cash,India,Toronto,35,Male,2023-12-14,2023-01-07,7.636589946956095,2,No,4,Desktop,4560.402915975239,726.8295645019996,4568.0395059221955,2023,1,7,5,1,-341,0.15937836587988577,2866.9756595223207,1,2023-01,2023-01
4719,10071,391,Phone,Electronics,6,746.0518830175134,0.2045356493365364,Cash,Canada,London,36,Male,2023-02-19,2023-06-06,14.696689225350857,7,No,4,Mobile,3560.7460601146836,1019.4386724910804,3575.4427493400344,2023,6,6,1,23,107,0.28629917867780963,1363.075695726296,1,2023-01,2023-06
3745,10132,460,Tablet,Electronics,2,551.7218604266365,0.2666257451250817,UPI,USA,Toronto,20,Male,2023-04-15,2023-06-20,49.93521118182809,3,No,2,Mobile,809.2372165771764,153.8838590363589,859.1724277590044,2023,6,20,1,25,66,0.1901591472612198,1353.1466186924708,0,2023-01,2023-06
4387,10175,269,Phone,Accessories,3,660.5150346435315,0.20775420382835788,UPI,UK,New York,26,Male,2023-01-27,2023-03-10,24.48842461640567,9,No,2,Mobile,1569.8707785135132,367.2828866746248,1594.3592031299188,2023,3,10,4,10,42,0.2339574006354838,1508.8061199860144,0,2023-02,2023-03
4249,10089,289,Monitor,Electronics,6,288.5090059121577,0.07305850166986089,Cash,India,Mumbai,53,Female,2023-10-15,2023-04-04,36.63345485950896,8,Yes,2,Mobile,1604.5858213317267,246.747788044966,1641.2192761912356,2023,4,4,1,14,-194,0.15377662245586687,2664.1859989506265,0,2023-01,2023-04
1539,10145,459,Phone,Electronics,4,601.1950661680105,0.2794977749277057,Cash,Canada,London,48,Male,2023-09-14,2023-12-29,13.219837198565616,5,Yes,2,Mobile,1732.6495315061472,315.4455176664395,1745.8693687047128,2023,12,29,4,52,106,0.18205962136626147,1709.9869196229188,0,2023-01,2023-12
3779,10197,325,Monitor,Electronics,6,499.44270965492086,0.031450724161797394,UPI,India,Mumbai,34,Female,2023-09-30,2023-07-05,32.4440930743492,7,Yes,1,Mobile,2902.4092485536594,702.2674828292621,2934.8533416280084,2023,7,5,2,27,-87,0.24196018641382808,2593.5554779252766,0,2023-01,2023-07
1868,10036,430,Monitor,Accessories,1,150.677577970043,0.08038282503205436,UPI,Canada,New York,40,Female,2023-05-17,2023-06-19,37.67477307662383,3,Yes,3,Mobile,138.5656885838233,28.06640101437681,176.24046166044712,2023,6,19,0,25,33,0.20254942837020184,1963.309426583294,0,2023-01,2023-06
1040,10059,494,Phone,Electronics,1,257.6933910513113,0.15605838231716568,Card,USA,New York,51,Male,2023-12-06,2023-07-23,19.151448613992976,1,No,3,Desktop,217.47817731001888,62.229554128964,236.62962592401186,2023,7,23,6,29,-136,0.2861416023376667,937.8123258757751,0,2023-01,2023-07
1739,10175,328,Phone,Electronics,3,305.8595817071543,0.1697226078212704,Card,India,Toronto,58,Male,2023-10-28,2023-02-11,42.3003700389145,1,Yes,1,Mobile,761.8448876180794,188.4994661227368,804.1452576569939,2023,2,11,5,6,-259,0.2474249931794955,1508.8061199860144,0,2023-02,2023-02
4775,10027,479,Monitor,Electronics,8,925.8233757115067,0.004593175988071629,Cash,UK,Toronto,58,Female,2023-11-18,2023-01-13,32.15379103125275,2,Yes,4,Mobile,7372.5672481039455,1569.4764294810946,7404.721039135198,2023,1,13,4,2,-309,0.21288058510212,4945.269900734625,1,2023-01,2023-01
2946,10196,299,Tablet,Electronics,8,245.77890659817166,0.23417181774628198,UPI,UK,Toronto,22,Female,2023-02-01,2023-06-03,22.51053543267636,8,Yes,1,Mobile,1505.7953062110732,417.6081621663492,1528.3058416437495,2023,6,3,5,22,122,0.2773339513304416,2404.629172971648,0,2023-06,2023-06
3549,10080,496,Monitor,Electronics,4,303.4590247632748,0.10848219552761686,Cash,Canada,Mumbai,32,Female,2023-02-14,2023-10-01,30.093907700442134,1,Yes,3,Mobile,1082.156494017141,252.2628830541815,1112.2504017175831,2023,10,1,6,39,229,0.23311127775774887,2293.8230466527907,0,2023-01,2023-10
4006,10113,381,Headphones,Electronics,6,381.96704748764364,0.12192556230064133,Card,UK,New York,64,Female,2023-09-22,2023-10-25,30.954238134616592,5,No,3,Mobile,2012.3730026543815,461.76734922078435,2043.327240788998,2023,10,25,2,43,33,0.22946409468408646,955.6467912053467,0,2023-02,2023-10
4216,10039,373,Monitor,Accessories,8,670.4678838528793,0.2428108633310837,Card,India,London,20,Male,2023-01-30,2023-02-20,12.44908817122397,9,Yes,1,Mobile,4061.3679851103752,606.2577274899847,4073.8170732815993,2023,2,20,0,8,21,0.14927426662952545,2449.0567001257323,1,2023-02,2023-02
2224,10044,387,Tablet,Accessories,7,135.87362462269772,0.11378501751826336,Cash,USA,Toronto,36,Female,2023-03-25,2023-07-31,23.122956644013478,9,No,2,Desktop,842.8926930531389,150.85367951428674,866.0156496971524,2023,7,31,0,31,128,0.1789713931056422,1314.2463598068557,0,2023-06,2023-07
1928,10061,256,Headphones,Electronics,7,954.8663082439006,0.014167462948426445,Card,Canada,Mumbai,45,Female,2023-06-15,2023-05-24,20.454376460877192,2,Yes,4,Mobile,6589.36792640808,1559.4446271340937,6609.822302868957,2023,5,24,2,21,-22,0.2366607305208043,1593.0100285361386,1,2023-01,2023-05
3036,10092,230,Laptop,Accessories,4,868.2597956928693,0.052931931141105094,UPI,India,Toronto,20,Female,2023-11-12,2023-12-23,23.040622516060672,7,Yes,1,Desktop,3289.2045118986575,915.5775154067115,3312.245134414718,2023,12,23,5,51,41,0.2783583422966316,1788.6058440859722,1,2023-01,2023-12
4795,10114,283,Laptop,Accessories,9,585.6717515487711,0.28677095171645467,Cash,Canada,New York,55,Female,2023-01-01,2023-01-03,39.249976481836605,1,Yes,3,Mobile,3759.4629536731827,613.204102825963,3798.7129301550194,2023,1,3,1,1,2,0.16310949472898303,2234.644040762402,1,2023-01,2023-01
3508,10185,351,Tablet,Electronics,6,680.5571100764577,0.021121608720754248,UPI,USA,London,21,Male,2023-09-06,2023-09-11,26.714228336000268,3,No,2,Desktop,3997.0958945117727,571.9729284101013,4023.810122847773,2023,9,11,0,37,5,0.14309712438859695,3790.003973086939,1,2023-09,2023-09
3779,10066,235,Monitor,Accessories,3,36.32726181933167,0.10647936029040486,UPI,Canada,New York,41,Male,2023-09-18,2023-12-01,47.31422689576689,6,Yes,4,Desktop,97.37747465912155,21.300270492384826,144.69170155488843,2023,12,1,4,48,74,0.21873919576317116,2041.7879172047167,0,2023-02,2023-12
3799,10055,412,Phone,Accessories,5,352.1658798414797,0.15095375011540338,Card,UK,Mumbai,48,Male,2023-03-04,2023-09-13,18.215438601129627,9,Yes,3,Desktop,1495.0255980835889,169.59483616445695,1513.2410366847184,2023,9,13,2,37,193,0.11343941962054263,2484.184814150057,0,2023-04,2023-09
1924,10039,305,Tablet,Accessories,5,799.7470260482131,0.147984248201568,UPI,UK,Toronto,62,Female,2023-06-13,2023-04-08,23.706661022821805,2,Yes,4,Mobile,3406.9853182351426,827.5851490448995,3430.6919792579642,2023,4,8,5,14,-66,0.24290834029000102,2449.0567001257323,1,2023-02,2023-04
3956,10097,419,Headphones,Accessories,5,95.93331431653817,0.0011879829036428257,Cash,Canada,New York,62,Female,2023-11-17,2023-06-22,40.413056471556864,7,No,2,Mobile,479.0967358962016,115.28394978398859,519.5097923677585,2023,6,22,3,25,-148,0.24062770865749616,2015.3947148917323,0,2023-02,2023-06
2581,10039,362,Headphones,Accessories,8,296.6675575265058,0.1503488194372471,UPI,USA,Mumbai,28,Male,2023-11-30,2023-05-30,29.571106699433763,4,No,3,Mobile,2016.5115238965125,344.8097708047289,2046.0826305959463,2023,5,30,1,22,-184,0.17099320619723102,2449.0567001257323,0,2023-02,2023-05
4618,10090,419,Laptop,Accessories,9,593.5908917676251,0.11513173739322276,UPI,USA,Toronto,54,Male,2023-07-20,2023-10-06,29.61626658910015,2,Yes,2,Mobile,4727.247669878633,1316.7064383333457,4756.863936467733,2023,10,6,4,40,78,0.2785355306689803,2683.2142995298022,1,2023-05,2023-10
4324,10032,469,Headphones,Accessories,9,271.284767144963,0.29162380064236715,UPI,UK,London,18,Female,2023-08-10,2023-02-28,7.400307335233258,3,No,1,Mobile,1729.5450506439238,346.6634866395351,1736.945357979157,2023,2,28,1,9,-163,0.20043622830782548,2874.0044855131327,0,2023-02,2023-02
1389,10005,319,Tablet,Accessories,6,935.2984146616288,0.047747725198148946,UPI,USA,New York,26,Male,2023-06-01,2023-04-23,22.936984822330512,6,Yes,1,Mobile,5343.840257880605,1224.5569739163004,5366.777242702936,2023,4,23,6,16,-39,0.22915299013858734,2582.951268592836,1,2023-02,2023-04
2617,10146,381,Headphones,Electronics,6,148.43745818820454,0.1062462590278485,UPI,Canada,Toronto,34,Female,2023-05-12,2023-11-20,17.183017958977963,9,Yes,4,Desktop,795.9992013366308,112.96478098171517,813.1822192956088,2023,11,20,0,47,192,0.14191569638766757,2867.4049116280626,0,2023-05,2023-11
3930,10079,305,Tablet,Electronics,9,801.446470749623,0.12584444552694593,Card,India,Toronto,18,Female,2023-04-24,2023-08-31,49.97008052740019,8,No,2,Desktop,6305.299956167481,1156.8211950150019,6355.270036694881,2023,8,31,3,35,129,0.18346806703199997,2800.3901642400574,1,2023-01,2023-08
1255,10167,416,Phone,Accessories,4,517.7897180682801,0.11720806113028463,Cash,Canada,Toronto,20,Female,2023-08-05,2023-11-06,18.875978178453963,9,Yes,2,Desktop,1828.402356561201,498.2094882499118,1847.278334739655,2023,11,6,0,45,93,0.2724835080539536,2905.529530566239,0,2023-03,2023-11
1708,10091,404,Laptop,Accessories,6,755.3241603035568,0.19974924829555876,Card,UK,Toronto,64,Female,2023-07-15,2023-02-26,44.80234406572386,4,Yes,4,Mobile,3626.692362380684,517.1224824474714,3671.4947064464077,2023,2,26,6,8,-139,0.14258790952646855,2574.437131377038,1,2023-01,2023-02
2838,10096,269,Headphones,Electronics,4,324.5010217452185,0.06465385726433065,Cash,UK,New York,43,Female,2023-10-08,2023-03-01,35.430518076821485,4,No,4,Mobile,1214.0831160126947,216.24626307770615,1249.5136340895162,2023,3,1,2,9,-221,0.17811487551849375,3150.147465999525,0,2023-03,2023-03
2944,10058,243,Tablet,Accessories,1,524.1998102657981,0.06632146584419754,Cash,UK,Toronto,48,Female,2023-07-21,2023-11-25,20.34123841364407,9,No,4,Desktop,489.4341104537201,80.078913161047,509.7753488673642,2023,11,25,5,47,127,0.16361530888562598,2704.6356171940056,0,2023-02,2023-11
3497,10058,427,Monitor,Accessories,7,859.6986427287128,0.21876328455025593,Cash,USA,Mumbai,43,Male,2023-05-15,2023-08-04,29.459047026835563,8,No,1,Mobile,4701.397007453877,612.2254949292037,4730.856054480713,2023,8,4,4,31,81,0.13022203697295603,2704.6356171940056,1,2023-02,2023-08
1009,10047,383,Laptop,Electronics,6,477.5405371406423,0.1500871556034539,Cash,Canada,New York,40,Male,2023-08-22,2023-08-21,42.82411459771372,2,No,4,Mobile,2435.2070174151468,384.625323200531,2478.0311320128603,2023,8,21,0,34,-1,0.15794358362550712,2346.5370182773686,0,2023-06,2023-08
3871,10168,306,Phone,Electronics,9,372.52546467206423,0.12454670281719311,Cash,India,Toronto,47,Male,2023-05-21,2023-02-24,44.751573411391036,8,Yes,1,Mobile,2935.1578169854424,430.1604592412142,2979.9093903968333,2023,2,24,4,8,-86,0.14655445671504336,3779.6119602690846,0,2023-02,2023-02
1797,10012,283,Tablet,Electronics,7,545.4322785276813,0.05076091550317554,UPI,Canada,New York,27,Female,2023-07-15,2023-07-27,12.217724375276536,1,Yes,4,Desktop,3624.2194570724323,1031.883146896465,3636.437181447709,2023,7,27,3,30,12,0.28471872609226545,2381.769894872753,1,2023-02,2023-07
4313,10106,449,Phone,Accessories,7,723.0154979756395,0.056258166873649984,Card,India,Mumbai,25,Male,2023-02-12,2023-03-04,20.280791354367633,9,Yes,2,Desktop,4776.379800068035,1185.572746462159,4796.660591422403,2023,3,4,5,9,20,0.24821576090855918,1635.3902971106863,1,2023-01,2023-03
